[{"model": "website.articlepage", "pk": 6, "fields": {"caption": "Monitoria", "body": "[{\"type\": \"text\", \"value\": \"<p data-block-key=\\\"tif00\\\">A monitoria ter\\u00e1 dura\\u00e7\\u00e3o de tr\\u00eas meses, com atividades realizadas exclusivamente durante o semestre letivo 2025.2</p>\", \"id\": \"ad1f1e6e-a315-43b7-84bc-a32cc3518ca5\"}, {\"type\": \"image\", \"value\": {\"settings\": {\"custom_template\": \"\", \"custom_css_class\": \"\", \"custom_id\": \"\"}, \"image\": 2}, \"id\": \"a558fcb9-00c0-40ce-b438-0e23913fb1b9\"}, {\"type\": \"text\", \"value\": \"<p data-block-key=\\\"5lcx8\\\">O Instituto Federal de Roraima (IFRR), por meio da Pr\\u00f3-Reitoria de Ensino (Proen), lan\\u00e7ou o <a href=\\\"https://www.ifrr.edu.br/seletivos/edital-72025-proenifrr-monitoria-2025/\\\">Edital 07/2025</a>, que regulamenta o Programa Institucional de Monitoria para o semestre letivo 2025.2. A iniciativa visa fortalecer o processo de ensino-aprendizagem por meio da atua\\u00e7\\u00e3o de estudantes com alto desempenho acad\\u00eamico em componentes curriculares com altos \\u00edndices de reprova\\u00e7\\u00e3o.</p><p data-block-key=\\\"89bvf\\\">Ao todo, est\\u00e3o sendo ofertadas 22 vagas, distribu\\u00eddas entre monitoria remunerada (R$ 400 mensais) e volunt\\u00e1ria, nos <i>Campi</i> Amajari, Bonfim, Boa Vista, Boa Vista Zona Oeste e Novo Para\\u00edso. A monitoria ter\\u00e1 dura\\u00e7\\u00e3o de tr\\u00eas meses, com atividades realizadas exclusivamente durante o semestre letivo 2025.2.</p><p data-block-key=\\\"a0mt0\\\">Podem se inscrever estudantes regularmente matriculados em cursos t\\u00e9cnicos ou de gradua\\u00e7\\u00e3o presenciais do IFRR que tenham m\\u00e9dia m\\u00ednima de 8 no componente curricular para o qual desejam concorrer e coeficiente geral tamb\\u00e9m igual ou superior a 8. \\u00c9 necess\\u00e1rio ainda ter disponibilidade de pelo menos dez horas semanais e n\\u00e3o estar vinculado a outro programa de bolsa no IFRR, salvo em caso de compatibilidade de carga hor\\u00e1ria.</p><p data-block-key=\\\"5gtl6\\\">Cada candidato poder\\u00e1 concorrer a apenas uma vaga no <i>campus</i> em que estiver matriculado. Os interessados estar\\u00e3o isentos de taxa de inscri\\u00e7\\u00e3o e dever\\u00e3o indicar o componente curricular desejado no momento da candidatura.</p><p data-block-key=\\\"as0ea\\\">A monitoria poder\\u00e1 ser desenvolvida na modalidade remunerada ou volunt\\u00e1ria, conforme a disponibilidade de vagas em cada unidade. Os monitores atuar\\u00e3o sob a orienta\\u00e7\\u00e3o de um docente, auxiliando os colegas nas atividades de refor\\u00e7o e apoio pedag\\u00f3gico, sem substituir o professor. As atividades n\\u00e3o poder\\u00e3o coincidir com o hor\\u00e1rio regular de aula do estudante-monitor. Ao final da experi\\u00eancia, ser\\u00e1 exigida a entrega de um relat\\u00f3rio final e o cumprimento de carga hor\\u00e1ria m\\u00ednima para a certifica\\u00e7\\u00e3o.</p><p data-block-key=\\\"djlpk\\\">Cada <i>campus</i> ser\\u00e1 respons\\u00e1vel por lan\\u00e7ar a pr\\u00f3pria chamada p\\u00fablica, definindo cronograma e crit\\u00e9rios espec\\u00edficos de sele\\u00e7\\u00e3o, que podem incluir an\\u00e1lise de hist\\u00f3rico escolar, prova, entrevista ou sorteio. A participa\\u00e7\\u00e3o anterior no programa de monitoria poder\\u00e1 ser considerada como crit\\u00e9rio adicional de pontua\\u00e7\\u00e3o.</p><p data-block-key=\\\"b04lr\\\"><b>Ascom/Reitoria</b></p><p data-block-key=\\\"43jjm\\\">8/8/25</p>\", \"id\": \"0b70dd87-30db-492d-bcff-813f80e5feb3\"}]", "author": 1, "author_display": "", "date_display": null}}, {"model": "website.articlepage", "pk": 7, "fields": {"caption": "O título da página como você gostaria que fosse visto pelo público", "body": "[]", "author": null, "author_display": "", "date_display": null}}, {"model": "website.articlepage", "pk": 8, "fields": {"caption": "O título da página como você gostaria que fosse visto pelo público", "body": "[]", "author": null, "author_display": "", "date_display": null}}, {"model": "website.articleindexpage", "pk": 5, "fields": {"show_images": true, "show_captions": true, "show_meta": true, "show_preview_text": true}}, {"model": "website.webpage", "pk": 3, "fields": {"body": "[{\"type\": \"section\", \"value\": [{\"type\": \"hero\", \"value\": {\"image\": 1, \"title\": \"Qual \\u00e9 o padr\\u00e3o m\\u00ednimo para aplica\\u00e7\\u00f5es de governo?\", \"text\": \"Aplica\\u00e7\\u00f5es de governo precisam estar corretamente adequadas ao Padr\\u00e3o Digital.\", \"cta\": \"Ver padr\\u00e3o m\\u00ednimo\", \"cta_link\": 3}, \"id\": \"2a7741e2-2f3e-45fc-a113-41ab3af1a10a\"}, {\"type\": \"featured_section\", \"value\": {\"title\": \"Ultimas not\\u00edcias\", \"section\": 5}, \"id\": \"66027019-c675-453d-a42c-a03145b6fb7f\"}, {\"type\": \"promo\", \"value\": {\"image\": 3, \"title\": \"Quem est\\u00e1 utilizando?\", \"text\": \"<p data-block-key=\\\"e1iih\\\"><a href=\\\"https://forms.office.com/r/skcRJVX8ua\\\"><b>Adicione seu servi\\u00e7o</b></a></p>\"}, \"id\": \"6eb4e180-4f55-47c9-9745-4b9a4d7ed46e\"}], \"id\": \"db1a5b21-f84a-4c76-b105-1643d55dfd29\"}]"}}, {"model": "website.webpage", "pk": 4, "fields": {"body": "[{\"type\": \"content\", \"value\": [{\"type\": \"text\", \"value\": \"<p data-block-key=\\\"km28q\\\"> </p><p data-block-key=\\\"a0eee\\\">Sobre o Design System</p><p data-block-key=\\\"dfr6d\\\">O Padr\\u00e3o Digital de Governo apresenta os padr\\u00f5es de interface que devem ser seguidos por designers e desenvolvedores para garantir a experi\\u00eancia \\u00fanica na intera\\u00e7\\u00e3o com os sistemas interativos.</p><p data-block-key=\\\"pidm\\\"><b>Por que unificar a experi\\u00eancia dos cidad\\u00e3os brasileiros quando est\\u00e3o em contato com o Governo por meio digital?</b></p><p data-block-key=\\\"7in2n\\\">A proposta surgiu a partir do sentimento comum acerca da necessidade de oferecer uma experi\\u00eancia \\u00fanica ao cidad\\u00e3o que se relaciona com o governo para acessar produtos e servi\\u00e7os p\\u00fablicos.</p><p data-block-key=\\\"a7ti7\\\">A iniciativa potencializa a efici\\u00eancia e a efic\\u00e1cia dos usu\\u00e1rios na utiliza\\u00e7\\u00e3o de interfaces para acesso aos servi\\u00e7os e aos sistemas de Governo, possibilitando uma \\u00fanica curva de aprendizado e garantindo a previsibilidade na utiliza\\u00e7\\u00e3o dos diferentes sistemas.</p><h3 data-block-key=\\\"44i8d\\\"><b>Hist\\u00f3rico</b></h3><p data-block-key=\\\"6qcb3\\\">O projeto atual se refere a uma evolu\\u00e7\\u00e3o do trabalho desenvolvido para a constru\\u00e7\\u00e3o da Identidade Digital de Governo (IDG) e da IDG de Servi\\u00e7os, iniciativas que buscavam padronizar os portais dos \\u00f3rg\\u00e3os p\\u00fablicos federais e alinhar as informa\\u00e7\\u00f5es para otimizar a comunica\\u00e7\\u00e3o e simplificar as interfaces de oferta de informa\\u00e7\\u00f5es para o cidad\\u00e3o.</p><p data-block-key=\\\"dnt2v\\\">O diferencial dessa vers\\u00e3o est\\u00e1 na possibilidade de realizar download de templates, c\\u00f3digos e componentes, propiciando o reaproveitamento de diferentes elementos necess\\u00e1rios ao desenvolvimento de interfaces. Com isso, amplia-se a efici\\u00eancia e a produtividade de desenvolvedores e designers, al\\u00e9m de facilitar o desenvolvimento alinhado \\u00e0 experi\\u00eancia \\u00fanica do cidad\\u00e3o.</p><p data-block-key=\\\"8bpnq\\\">Diante dessa vis\\u00e3o, o Governo desenvolveu um Design System que tem como objetivo guiar todos os respons\\u00e1veis pela constru\\u00e7\\u00e3o de interfaces interativas orientadas \\u00e0 experi\\u00eancia \\u00fanica do usu\\u00e1rio, considerando a acessibilidade e a usabilidade dos sistemas.</p><p data-block-key=\\\"9bqs7\\\">A iniciativa foi desenvolvida no \\u00e2mbito do Projeto de Unifica\\u00e7\\u00e3o de Canais Digitais do Governo, que envolveu a participa\\u00e7\\u00e3o da Secretaria de Governo Digital do Minist\\u00e9rio da Economia (<b>SGD</b>), a Secretaria Especial de Moderniza\\u00e7\\u00e3o do Estado (<b>SEME</b>), a Secretaria Especial de Comunica\\u00e7\\u00e3o Social da Presid\\u00eancia da Rep\\u00fablica (<b>SECOM</b>) e o Servi\\u00e7o Federal de Processamento de Dados (<b>SERPRO</b>).</p><h2 data-block-key=\\\"bf8t1\\\">Afinal, o que \\u00e9 Design System?</h2><p data-block-key=\\\"26mbe\\\"><i>Um Design System n\\u00e3o \\u00e9 um projeto, \\u00e9 um produto que serve produtos</i><br/><i>\\u2013</i> <i>[Natan curtis]</i></p><p data-block-key=\\\"55vdb\\\">Este \\u00e9 um documento vivo com diversos componentes e propriedades de um produto ou servi\\u00e7o para facilitar a comunica\\u00e7\\u00e3o com os diversos times.</p><p data-block-key=\\\"c6urd\\\">Isso beneficia tanto o resultado que se almeja alcan\\u00e7ar com o software como a comunica\\u00e7\\u00e3o, as pessoas, os neg\\u00f3cios e as empresas.</p><p data-block-key=\\\"461sr\\\">A ideia \\u00e9 que esse produto seja utilizado para consulta, para se tomar decis\\u00f5es, para novas features, novas interfaces e novas propriedades dos produtos do governo.</p><p data-block-key=\\\"41s3r\\\"><b>Aten\\u00e7\\u00e3o</b><br/>Este n\\u00e3o \\u00e9 um documento est\\u00e1tico, ele pode sofrer constantes mudan\\u00e7as e a ideia desse Design System \\u00e9 isso. Encaixar diversas formas sem perder consist\\u00eancia.</p><p data-block-key=\\\"ctrk5\\\">Voc\\u00ea j\\u00e1 est\\u00e1 entendendo que o Design System \\u00e9 o conjunto completo de padr\\u00f5es do projeto,<br/>documenta\\u00e7\\u00e3o e princ\\u00edpios. Utilizando o UI kit (kit de ferramentas de design) e o c\\u00f3digo para atingir<br/>esses padr\\u00f5es.</p><h2 data-block-key=\\\"21ei9\\\">O Design System</h2><p data-block-key=\\\"1ikri\\\"><i>Alguns elementos definidos para compor o Design System - Fam\\u00edlia Tipogr\\u00e1fica, Paleta de Cores, Padroniza\\u00e7\\u00e3o de Bot\\u00f5es e Logotipo.</i></p><p data-block-key=\\\"3er18\\\">Como Design System oficial de Governo, ele atende a uma ampla gama de designers e desenvolvedores que criam produtos e experi\\u00eancias digitais. Os objetivos do sistema incluem melhorar a consist\\u00eancia e a qualidade da interface, tornando o processo de design e desenvolvimento mais eficiente e focado, estabelecendo um vocabul\\u00e1rio compartilhado entre designer e desenvolvedor, fornecendo orienta\\u00e7\\u00e3o clara e identific\\u00e1vel sobre as melhores pr\\u00e1ticas de design e desenvolvimento.</p>\", \"id\": \"d374ede6-0bf0-4720-bb39-28c7a3ff91bf\"}], \"id\": \"976e5bf6-987a-4240-91b3-129caaa6710f\"}]"}}, {"model": "aratinga.classifier", "pk": 1, "fields": {"slug": "abertura-do-ano-letivo", "name": "Unidades"}}, {"model": "aratinga.classifier", "pk": 2, "fields": {"slug": "abril-azul", "name": "Dimensão"}}, {"model": "aratinga.classifier", "pk": 3, "fields": {"slug": "bolsas", "name": "Pro-reitorias"}}, {"model": "aratinga.classifierterm", "pk": 1, "fields": {"sort_order": 0, "classifier": 1, "slug": "abertura", "name": "REI"}}, {"model": "aratinga.classifierterm", "pk": 2, "fields": {"sort_order": 1, "classifier": 1, "slug": "ano", "name": "CAM"}}, {"model": "aratinga.classifierterm", "pk": 3, "fields": {"sort_order": 2, "classifier": 1, "slug": "letivo", "name": "CBV"}}, {"model": "aratinga.classifierterm", "pk": 4, "fields": {"sort_order": 0, "classifier": 2, "slug": "abril", "name": "Tecnologia"}}, {"model": "aratinga.classifierterm", "pk": 5, "fields": {"sort_order": 1, "classifier": 2, "slug": "azul", "name": "Gestão de Pessoas"}}, {"model": "aratinga.classifierterm", "pk": 6, "fields": {"sort_order": 0, "classifier": 3, "slug": "bolsas", "name": "Ensino"}}, {"model": "aratinga.classifierterm", "pk": 7, "fields": {"sort_order": 3, "classifier": 1, "slug": "cbvzo", "name": "CBVZO"}}, {"model": "aratinga.classifierterm", "pk": 8, "fields": {"sort_order": 4, "classifier": 1, "slug": "cbn", "name": "CBN"}}, {"model": "aratinga.classifierterm", "pk": 9, "fields": {"sort_order": 5, "classifier": 1, "slug": "cnp", "name": "CNP"}}, {"model": "aratinga.classifierterm", "pk": 10, "fields": {"sort_order": 1, "classifier": 3, "slug": "pesquisa", "name": "Pesquisa"}}, {"model": "aratinga.classifierterm", "pk": 11, "fields": {"sort_order": 2, "classifier": 3, "slug": "extensão", "name": "Extensão"}}, {"model": "aratinga.classifierterm", "pk": 12, "fields": {"sort_order": 2, "classifier": 2, "slug": "educação-a-distância", "name": "Educação a Distância"}}, {"model": "aratinga.aratingapage", "pk": 3, "fields": {"index_order_by": "", "custom_template": "aratinga/pages/web_page.html", "classifier_terms": []}}, {"model": "aratinga.aratingapage", "pk": 4, "fields": {"index_order_by": "", "custom_template": "", "classifier_terms": []}}, {"model": "aratinga.aratingapage", "pk": 5, "fields": {"index_order_by": "-date_display", "custom_template": "", "classifier_terms": []}}, {"model": "aratinga.aratingapage", "pk": 6, "fields": {"index_order_by": "", "custom_template": "", "classifier_terms": [6]}}, {"model": "aratinga.aratingapage", "pk": 7, "fields": {"index_order_by": "", "custom_template": "", "classifier_terms": []}}, {"model": "aratinga.aratingapage", "pk": 8, "fields": {"index_order_by": "", "custom_template": "", "classifier_terms": []}}, {"model": "aratinga.genericsettings", "pk": 1, "fields": {"logo": null, "favicon": null, "title_suffix": "Ministry of Education"}}, {"model": "aratinga.sitesettings", "pk": 1, "fields": {"site": 2, "from_email_address": "", "search_num_results": 10, "external_new_tab": false, "google_maps_api_key": "", "mailchimp_api_key": ""}}, {"model": "aratingaadmin.theme", "pk": 1, "fields": {"name": "GovBRDS3", "description": "", "theme_path": "themes/govbrds3"}}, {"model": "aratingaadmin.themesettings", "pk": 1, "fields": {"site": 2, "theme": 1}}, {"model": "wagtailusers.userprofile", "pk": 1, "fields": {"user": 1, "submitted_notifications": true, "approved_notifications": true, "rejected_notifications": true, "updated_comments_notifications": true, "preferred_language": "", "current_time_zone": "", "avatar": "", "dismissibles": {"help": true, "whats-new-in-wagtail-6.4": true, "editor-guide": true}, "theme": "system", "contrast": "system", "density": "default"}}, {"model": "wagtailimages.image", "pk": 1, "fields": {"collection": 1, "title": "ilustra-padrao-mobile", "file": "original_images/ilustra-padrao-mobile.png", "description": "Pessoa vendo exemplos de tipografia, cores e componentes", "width": 351, "height": 315, "created_at": "2025-08-03T00:13:33.226Z", "uploaded_by_user": 1, "focal_point_x": null, "focal_point_y": null, "focal_point_width": null, "focal_point_height": null, "file_size": 25923, "file_hash": "67f0994b6473c5316949f19cbc6ebaec156c51f3"}}, {"model": "wagtailimages.image", "pk": 2, "fields": {"collection": 1, "title": "Monitoria.width-640", "file": "original_images/Monitoria.width-640.jpg", "description": "", "width": 640, "height": 416, "created_at": "2025-08-10T20:58:22.981Z", "uploaded_by_user": 1, "focal_point_x": null, "focal_point_y": null, "focal_point_width": null, "focal_point_height": null, "file_size": 24020, "file_hash": "b12378fe327d90597813008e403b82896ea38503"}}, {"model": "wagtailimages.image", "pk": 3, "fields": {"collection": 1, "title": "logos-web", "file": "original_images/logos-web.png", "description": "", "width": 480, "height": 158, "created_at": "2025-08-11T00:25:12.375Z", "uploaded_by_user": 1, "focal_point_x": null, "focal_point_y": null, "focal_point_width": null, "focal_point_height": null, "file_size": 65311, "file_hash": "7f545bb99e99a097038165dee4e64d710f956fe1"}}, {"model": "wagtailimages.rendition", "pk": 10, "fields": {"filter_spec": "max-165x165", "file": "images/ilustra-padrao-mobile.max-165x165.png", "width": 165, "height": 148, "focal_point_key": "", "image": 1}}, {"model": "wagtailimages.rendition", "pk": 11, "fields": {"filter_spec": "original", "file": "images/ilustra-padrao-mobile.original.png", "width": 351, "height": 315, "focal_point_key": "", "image": 1}}, {"model": "wagtailimages.rendition", "pk": 12, "fields": {"filter_spec": "max-800x600", "file": "images/ilustra-padrao-mobile.max-800x600.png", "width": 351, "height": 315, "focal_point_key": "", "image": 1}}, {"model": "wagtailimages.rendition", "pk": 13, "fields": {"filter_spec": "format-webp|fill-800x650", "file": "images/ilustra-padrao-mobile.2e16d0ba.format-webp.fill-800x650.webp", "width": 351, "height": 287, "focal_point_key": "2e16d0ba", "image": 1}}, {"model": "wagtailimages.rendition", "pk": 14, "fields": {"filter_spec": "format-avif|fill-1920x900", "file": "images/ilustra-padrao-mobil.2e16d0ba.format-avif.fill-1920x900.avif", "width": 351, "height": 165, "focal_point_key": "2e16d0ba", "image": 1}}, {"model": "wagtailimages.rendition", "pk": 15, "fields": {"filter_spec": "format-webp|fill-1920x900", "file": "images/ilustra-padrao-mobil.2e16d0ba.format-webp.fill-1920x900.webp", "width": 351, "height": 165, "focal_point_key": "2e16d0ba", "image": 1}}, {"model": "wagtailimages.rendition", "pk": 16, "fields": {"filter_spec": "format-jpeg|fill-800x650", "file": "images/ilustra-padrao-mobile.2e16d0ba.format-jpeg.fill-800x650.jpg", "width": 351, "height": 287, "focal_point_key": "2e16d0ba", "image": 1}}, {"model": "wagtailimages.rendition", "pk": 17, "fields": {"filter_spec": "format-jpeg|fill-1920x900", "file": "images/ilustra-padrao-mobile.2e16d0ba.format-jpeg.fill-1920x900.jpg", "width": 351, "height": 165, "focal_point_key": "2e16d0ba", "image": 1}}, {"model": "wagtailimages.rendition", "pk": 18, "fields": {"filter_spec": "format-avif|fill-800x650", "file": "images/ilustra-padrao-mobile.2e16d0ba.format-avif.fill-800x650.avif", "width": 351, "height": 287, "focal_point_key": "2e16d0ba", "image": 1}}, {"model": "wagtailimages.rendition", "pk": 19, "fields": {"filter_spec": "max-165x165", "file": "images/Monitoria.width-640.max-165x165.jpg", "width": 165, "height": 107, "focal_point_key": "", "image": 2}}, {"model": "wagtailimages.rendition", "pk": 20, "fields": {"filter_spec": "max-1600x1600|format-webp", "file": "images/Monitoria.width-640.max-1600x1600.format-webp.webp", "width": 640, "height": 416, "focal_point_key": "", "image": 2}}, {"model": "wagtailimages.rendition", "pk": 21, "fields": {"filter_spec": "max-165x165", "file": "images/logos-web.max-165x165.png", "width": 165, "height": 54, "focal_point_key": "", "image": 3}}, {"model": "wagtailimages.rendition", "pk": 22, "fields": {"filter_spec": "format-jpeg|fill-590x413-c100", "file": "images/logos-web.2e16d0ba.format-jpeg.fill-590x413-c100.jpg", "width": 226, "height": 158, "focal_point_key": "2e16d0ba", "image": 3}}, {"model": "wagtailimages.rendition", "pk": 23, "fields": {"filter_spec": "format-webp|fill-590x413-c100", "file": "images/logos-web.2e16d0ba.format-webp.fill-590x413-c100.webp", "width": 226, "height": 158, "focal_point_key": "2e16d0ba", "image": 3}}, {"model": "wagtailimages.rendition", "pk": 24, "fields": {"filter_spec": "format-avif|fill-590x413-c100", "file": "images/logos-web.2e16d0ba.format-avif.fill-590x413-c100.avif", "width": 226, "height": 158, "focal_point_key": "2e16d0ba", "image": 3}}, {"model": "wagtailsearch.sqliteftsindexentry", "pk": 1, "fields": {"autocomplete": "ilustra-padrao-mobile", "title": "ilustra-padrao-mobile", "body": ""}}, {"model": "wagtailsearch.sqliteftsindexentry", "pk": 2, "fields": {"autocomplete": "Home", "title": "Home", "body": "Qual é o padrão mínimo para aplicações de governo?, Aplicações de governo precisam estar corretamente adequadas ao Padrão Digital., Ver padrão mínimo, Ultimas notícias, Quem está utilizando?, Adicione seu serviço"}}, {"model": "wagtailsearch.sqliteftsindexentry", "pk": 3, "fields": {"autocomplete": "Sobre", "title": "Sobre", "body": "Sobre o Design System O Padrão Digital de Governo apresenta os padrões de interface que devem ser seguidos por designers e desenvolvedores para garantir a experiência única na interação com os sistemas interativos. Por que unificar a experiência dos cidadãos brasileiros quando estão em contato com o Governo por meio digital? A proposta surgiu a partir do sentimento comum acerca da necessidade de oferecer uma experiência única ao cidadão que se relaciona com o governo para acessar produtos e serviços públicos. A iniciativa potencializa a eficiência e a eficácia dos usuários na utilização de interfaces para acesso aos serviços e aos sistemas de Governo, possibilitando uma única curva de aprendizado e garantindo a previsibilidade na utilização dos diferentes sistemas. Histórico O projeto atual se refere a uma evolução do trabalho desenvolvido para a construção da Identidade Digital de Governo (IDG) e da IDG de Serviços, iniciativas que buscavam padronizar os portais dos órgãos públicos federais e alinhar as informações para otimizar a comunicação e simplificar as interfaces de oferta de informações para o cidadão. O diferencial dessa versão está na possibilidade de realizar download de templates, códigos e componentes, propiciando o reaproveitamento de diferentes elementos necessários ao desenvolvimento de interfaces. Com isso, amplia-se a eficiência e a produtividade de desenvolvedores e designers, além de facilitar o desenvolvimento alinhado à experiência única do cidadão. Diante dessa visão, o Governo desenvolveu um Design System que tem como objetivo guiar todos os responsáveis pela construção de interfaces interativas orientadas à experiência única do usuário, considerando a acessibilidade e a usabilidade dos sistemas. A iniciativa foi desenvolvida no âmbito do Projeto de Unificação de Canais Digitais do Governo, que envolveu a participação da Secretaria de Governo Digital do Ministério da Economia (SGD), a Secretaria Especial de Modernização do Estado (SEME), a Secretaria Especial de Comunicação Social da Presidência da República (SECOM) e o Serviço Federal de Processamento de Dados (SERPRO). Afinal, o que é Design System? Um Design System não é um projeto, é um produto que serve produtos – [Natan curtis] Este é um documento vivo com diversos componentes e propriedades de um produto ou serviço para facilitar a comunicação com os diversos times. Isso beneficia tanto o resultado que se almeja alcançar com o software como a comunicação, as pessoas, os negócios e as empresas. A ideia é que esse produto seja utilizado para consulta, para se tomar decisões, para novas features, novas interfaces e novas propriedades dos produtos do governo. Atenção Este não é um documento estático, ele pode sofrer constantes mudanças e a ideia desse Design System é isso. Encaixar diversas formas sem perder consistência. Você já está entendendo que o Design System é o conjunto completo de padrões do projeto, documentação e princípios. Utilizando o UI kit (kit de ferramentas de design) e o código para atingir esses padrões. O Design System Alguns elementos definidos para compor o Design System - Família Tipográfica, Paleta de Cores, Padronização de Botões e Logotipo. Como Design System oficial de Governo, ele atende a uma ampla gama de designers e desenvolvedores que criam produtos e experiências digitais. Os objetivos do sistema incluem melhorar a consistência e a qualidade da interface, tornando o processo de design e desenvolvimento mais eficiente e focado, estabelecendo um vocabulário compartilhado entre designer e desenvolvedor, fornecendo orientação clara e identificável sobre as melhores práticas de design e desenvolvimento."}}, {"model": "wagtailsearch.sqliteftsindexentry", "pk": 4, "fields": {"autocomplete": "Ultimas notícias", "title": "Ultimas notícias", "body": ""}}, {"model": "wagtailsearch.sqliteftsindexentry", "pk": 5, "fields": {"autocomplete": "IFRR abre seleção para programa de monitoria com bolsas de R$ 400,00", "title": "IFRR abre seleção para programa de monitoria com bolsas de R$ 400,00", "body": "A monitoria terá duração de três meses, com atividades realizadas exclusivamente durante o semestre letivo 2025.2, Padrão, , , O Instituto Federal de Roraima (IFRR), por meio da Pró-Reitoria de Ensino (Proen), lançou o Edital 07/2025, que regulamenta o Programa Institucional de Monitoria para o semestre letivo 2025.2. A iniciativa visa fortalecer o processo de ensino-aprendizagem por meio da atuação de estudantes com alto desempenho acadêmico em componentes curriculares com altos índices de reprovação. Ao todo, estão sendo ofertadas 22 vagas, distribuídas entre monitoria remunerada (R$ 400 mensais) e voluntária, nos Campi Amajari, Bonfim, Boa Vista, Boa Vista Zona Oeste e Novo Paraíso. A monitoria terá duração de três meses, com atividades realizadas exclusivamente durante o semestre letivo 2025.2. Podem se inscrever estudantes regularmente matriculados em cursos técnicos ou de graduação presenciais do IFRR que tenham média mínima de 8 no componente curricular para o qual desejam concorrer e coeficiente geral também igual ou superior a 8. É necessário ainda ter disponibilidade de pelo menos dez horas semanais e não estar vinculado a outro programa de bolsa no IFRR, salvo em caso de compatibilidade de carga horária. Cada candidato poderá concorrer a apenas uma vaga no campus em que estiver matriculado. Os interessados estarão isentos de taxa de inscrição e deverão indicar o componente curricular desejado no momento da candidatura. A monitoria poderá ser desenvolvida na modalidade remunerada ou voluntária, conforme a disponibilidade de vagas em cada unidade. Os monitores atuarão sob a orientação de um docente, auxiliando os colegas nas atividades de reforço e apoio pedagógico, sem substituir o professor. As atividades não poderão coincidir com o horário regular de aula do estudante-monitor. Ao final da experiência, será exigida a entrega de um relatório final e o cumprimento de carga horária mínima para a certificação. Cada campus será responsável por lançar a própria chamada pública, definindo cronograma e critérios específicos de seleção, que podem incluir análise de histórico escolar, prova, entrevista ou sorteio. A participação anterior no programa de monitoria poderá ser considerada como critério adicional de pontuação. Ascom/Reitoria 8/8/25 Monitoria"}}, {"model": "wagtailsearch.sqliteftsindexentry", "pk": 6, "fields": {"autocomplete": "Article 2", "title": "Article 2", "body": " O título da página como você gostaria que fosse visto pelo público"}}, {"model": "wagtailsearch.sqliteftsindexentry", "pk": 7, "fields": {"autocomplete": "Article 3", "title": "Article 3", "body": " O título da página como você gostaria que fosse visto pelo público"}}, {"model": "wagtailsearch.sqliteftsindexentry", "pk": 8, "fields": {"autocomplete": "Monitoria.width-640", "title": "Monitoria.width-640", "body": ""}}, {"model": "wagtailsearch.sqliteftsindexentry", "pk": 9, "fields": {"autocomplete": "logos-web", "title": "logos-web", "body": ""}}, {"model": "wagtailsearch.indexentry", "pk": 1, "fields": {"content_type": 25, "object_id": "1", "title_norm": 0.6111111111111112, "autocomplete": "ilustra-padrao-mobile", "title": "ilustra-padrao-mobile", "body": ""}}, {"model": "wagtailsearch.indexentry", "pk": 2, "fields": {"content_type": 28, "object_id": "3", "title_norm": 2.75, "autocomplete": "Home", "title": "Home", "body": "Qual é o padrão mínimo para aplicações de governo?, Aplicações de governo precisam estar corretamente adequadas ao Padrão Digital., Ver padrão mínimo, Ultimas notícias, Quem está utilizando?, Adicione seu serviço"}}, {"model": "wagtailsearch.indexentry", "pk": 3, "fields": {"content_type": 28, "object_id": "4", "title_norm": 1.8, "autocomplete": "Sobre", "title": "Sobre", "body": "Sobre o Design System O Padrão Digital de Governo apresenta os padrões de interface que devem ser seguidos por designers e desenvolvedores para garantir a experiência única na interação com os sistemas interativos. Por que unificar a experiência dos cidadãos brasileiros quando estão em contato com o Governo por meio digital? A proposta surgiu a partir do sentimento comum acerca da necessidade de oferecer uma experiência única ao cidadão que se relaciona com o governo para acessar produtos e serviços públicos. A iniciativa potencializa a eficiência e a eficácia dos usuários na utilização de interfaces para acesso aos serviços e aos sistemas de Governo, possibilitando uma única curva de aprendizado e garantindo a previsibilidade na utilização dos diferentes sistemas. Histórico O projeto atual se refere a uma evolução do trabalho desenvolvido para a construção da Identidade Digital de Governo (IDG) e da IDG de Serviços, iniciativas que buscavam padronizar os portais dos órgãos públicos federais e alinhar as informações para otimizar a comunicação e simplificar as interfaces de oferta de informações para o cidadão. O diferencial dessa versão está na possibilidade de realizar download de templates, códigos e componentes, propiciando o reaproveitamento de diferentes elementos necessários ao desenvolvimento de interfaces. Com isso, amplia-se a eficiência e a produtividade de desenvolvedores e designers, além de facilitar o desenvolvimento alinhado à experiência única do cidadão. Diante dessa visão, o Governo desenvolveu um Design System que tem como objetivo guiar todos os responsáveis pela construção de interfaces interativas orientadas à experiência única do usuário, considerando a acessibilidade e a usabilidade dos sistemas. A iniciativa foi desenvolvida no âmbito do Projeto de Unificação de Canais Digitais do Governo, que envolveu a participação da Secretaria de Governo Digital do Ministério da Economia (SGD), a Secretaria Especial de Modernização do Estado (SEME), a Secretaria Especial de Comunicação Social da Presidência da República (SECOM) e o Serviço Federal de Processamento de Dados (SERPRO). Afinal, o que é Design System? Um Design System não é um projeto, é um produto que serve produtos – [Natan curtis] Este é um documento vivo com diversos componentes e propriedades de um produto ou serviço para facilitar a comunicação com os diversos times. Isso beneficia tanto o resultado que se almeja alcançar com o software como a comunicação, as pessoas, os negócios e as empresas. A ideia é que esse produto seja utilizado para consulta, para se tomar decisões, para novas features, novas interfaces e novas propriedades dos produtos do governo. Atenção Este não é um documento estático, ele pode sofrer constantes mudanças e a ideia desse Design System é isso. Encaixar diversas formas sem perder consistência. Você já está entendendo que o Design System é o conjunto completo de padrões do projeto, documentação e princípios. Utilizando o UI kit (kit de ferramentas de design) e o código para atingir esses padrões. O Design System Alguns elementos definidos para compor o Design System - Família Tipográfica, Paleta de Cores, Padronização de Botões e Logotipo. Como Design System oficial de Governo, ele atende a uma ampla gama de designers e desenvolvedores que criam produtos e experiências digitais. Os objetivos do sistema incluem melhorar a consistência e a qualidade da interface, tornando o processo de design e desenvolvimento mais eficiente e focado, estabelecendo um vocabulário compartilhado entre designer e desenvolvedor, fornecendo orientação clara e identificável sobre as melhores práticas de design e desenvolvimento."}}, {"model": "wagtailsearch.indexentry", "pk": 4, "fields": {"content_type": 29, "object_id": "5", "title_norm": 1.09375, "autocomplete": "Ultimas notícias", "title": "Ultimas notícias", "body": ""}}, {"model": "wagtailsearch.indexentry", "pk": 5, "fields": {"content_type": 30, "object_id": "6", "title_norm": 0.9777777777777779, "autocomplete": "IFRR abre seleção para programa de monitoria com bolsas de R$ 400,00", "title": "IFRR abre seleção para programa de monitoria com bolsas de R$ 400,00", "body": "A monitoria terá duração de três meses, com atividades realizadas exclusivamente durante o semestre letivo 2025.2, Padrão, , , O Instituto Federal de Roraima (IFRR), por meio da Pró-Reitoria de Ensino (Proen), lançou o Edital 07/2025, que regulamenta o Programa Institucional de Monitoria para o semestre letivo 2025.2. A iniciativa visa fortalecer o processo de ensino-aprendizagem por meio da atuação de estudantes com alto desempenho acadêmico em componentes curriculares com altos índices de reprovação. Ao todo, estão sendo ofertadas 22 vagas, distribuídas entre monitoria remunerada (R$ 400 mensais) e voluntária, nos Campi Amajari, Bonfim, Boa Vista, Boa Vista Zona Oeste e Novo Paraíso. A monitoria terá duração de três meses, com atividades realizadas exclusivamente durante o semestre letivo 2025.2. Podem se inscrever estudantes regularmente matriculados em cursos técnicos ou de graduação presenciais do IFRR que tenham média mínima de 8 no componente curricular para o qual desejam concorrer e coeficiente geral também igual ou superior a 8. É necessário ainda ter disponibilidade de pelo menos dez horas semanais e não estar vinculado a outro programa de bolsa no IFRR, salvo em caso de compatibilidade de carga horária. Cada candidato poderá concorrer a apenas uma vaga no campus em que estiver matriculado. Os interessados estarão isentos de taxa de inscrição e deverão indicar o componente curricular desejado no momento da candidatura. A monitoria poderá ser desenvolvida na modalidade remunerada ou voluntária, conforme a disponibilidade de vagas em cada unidade. Os monitores atuarão sob a orientação de um docente, auxiliando os colegas nas atividades de reforço e apoio pedagógico, sem substituir o professor. As atividades não poderão coincidir com o horário regular de aula do estudante-monitor. Ao final da experiência, será exigida a entrega de um relatório final e o cumprimento de carga horária mínima para a certificação. Cada campus será responsável por lançar a própria chamada pública, definindo cronograma e critérios específicos de seleção, que podem incluir análise de histórico escolar, prova, entrevista ou sorteio. A participação anterior no programa de monitoria poderá ser considerada como critério adicional de pontuação. Ascom/Reitoria 8/8/25 Monitoria"}}, {"model": "wagtailsearch.indexentry", "pk": 6, "fields": {"content_type": 30, "object_id": "7", "title_norm": 0.9814814814814815, "autocomplete": "Article 2", "title": "Article 2", "body": " O título da página como você gostaria que fosse visto pelo público"}}, {"model": "wagtailsearch.indexentry", "pk": 7, "fields": {"content_type": 30, "object_id": "8", "title_norm": 0.9841269841269842, "autocomplete": "Article 3", "title": "Article 3", "body": " O título da página como você gostaria que fosse visto pelo público"}}, {"model": "wagtailsearch.indexentry", "pk": 8, "fields": {"content_type": 25, "object_id": "2", "title_norm": 0.6052631578947368, "autocomplete": "Monitoria.width-640", "title": "Monitoria.width-640", "body": ""}}, {"model": "wagtailsearch.indexentry", "pk": 9, "fields": {"content_type": 25, "object_id": "3", "title_norm": 1.9753086419753088, "autocomplete": "logos-web", "title": "logos-web", "body": ""}}, {"model": "wagtailcore.locale", "pk": 1, "fields": {"language_code": "pt-br"}}, {"model": "wagtailcore.site", "pk": 2, "fields": {"hostname": "localhost", "port": 80, "site_name": "University Demo", "root_page": 3, "is_default_site": true}}, {"model": "wagtailcore.modellogentry", "pk": 1, "fields": {"content_type": 41, "label": "GovBRDS3", "action": "wagtail.create", "data": {}, "timestamp": "2025-08-02T14:24:54.924Z", "uuid": "e1573f61-cbd8-4e7c-8066-77a0d8157be4", "user": 1, "revision": null, "content_changed": true, "deleted": false, "object_id": "1"}}, {"model": "wagtailcore.modellogentry", "pk": 2, "fields": {"content_type": 42, "label": "themes para localhost [padrão]", "action": "wagtail.edit", "data": {}, "timestamp": "2025-08-02T14:35:31.387Z", "uuid": "a1bb0fd8-f991-499f-b51e-78f247d73968", "user": 1, "revision": null, "content_changed": true, "deleted": false, "object_id": "1"}}, {"model": "wagtailcore.modellogentry", "pk": 3, "fields": {"content_type": 4, "label": "localhost [padrão]", "action": "wagtail.edit", "data": {}, "timestamp": "2025-08-03T00:10:14.609Z", "uuid": "2d03e278-245a-49b1-bcdc-591d3e5e3a69", "user": 1, "revision": null, "content_changed": true, "deleted": false, "object_id": "2"}}, {"model": "wagtailcore.modellogentry", "pk": 4, "fields": {"content_type": 4, "label": "University Demo [padrão]", "action": "wagtail.edit", "data": {}, "timestamp": "2025-08-03T00:10:28.589Z", "uuid": "c583e91f-8e8e-4aae-887e-428a3dbc384c", "user": 1, "revision": null, "content_changed": true, "deleted": false, "object_id": "2"}}, {"model": "wagtailcore.modellogentry", "pk": 5, "fields": {"content_type": 42, "label": "themes para University Demo [padrão]", "action": "wagtail.edit", "data": {}, "timestamp": "2025-08-04T15:43:17.177Z", "uuid": "bb2b2435-40ef-43c9-8e1c-ab9056dea2a0", "user": 1, "revision": null, "content_changed": false, "deleted": false, "object_id": "1"}}, {"model": "wagtailcore.modellogentry", "pk": 6, "fields": {"content_type": 25, "label": "133869189630618487", "action": "wagtail.edit", "data": {}, "timestamp": "2025-08-10T19:43:45.582Z", "uuid": "d9bb308d-b3eb-4c82-aca4-c9d2f8f24c15", "user": 1, "revision": null, "content_changed": true, "deleted": false, "object_id": "1"}}, {"model": "wagtailcore.modellogentry", "pk": 7, "fields": {"content_type": 25, "label": "ilustra-padrao-mobile", "action": "wagtail.edit", "data": {}, "timestamp": "2025-08-10T19:44:24.094Z", "uuid": "9f954fb2-797b-4415-a403-69233212e52c", "user": 1, "revision": null, "content_changed": true, "deleted": false, "object_id": "1"}}, {"model": "wagtailcore.modellogentry", "pk": 8, "fields": {"content_type": 36, "label": "Abertura do ano letivo", "action": "wagtail.create", "data": {}, "timestamp": "2025-08-10T20:56:45.255Z", "uuid": "df9f2855-045b-4cae-b991-cba77644d0be", "user": 1, "revision": null, "content_changed": true, "deleted": false, "object_id": "1"}}, {"model": "wagtailcore.modellogentry", "pk": 9, "fields": {"content_type": 36, "label": "Abril Azul", "action": "wagtail.create", "data": {}, "timestamp": "2025-08-10T20:57:01.368Z", "uuid": "e8ec9809-0a82-45c7-adf2-0e6f7350ad3b", "user": 1, "revision": null, "content_changed": true, "deleted": false, "object_id": "2"}}, {"model": "wagtailcore.modellogentry", "pk": 10, "fields": {"content_type": 36, "label": "BOLSAS", "action": "wagtail.create", "data": {}, "timestamp": "2025-08-10T20:57:13.414Z", "uuid": "efe496c9-449d-4d80-988c-c8391a04e38c", "user": 1, "revision": null, "content_changed": true, "deleted": false, "object_id": "3"}}, {"model": "wagtailcore.modellogentry", "pk": 11, "fields": {"content_type": 36, "label": "Bolsas", "action": "wagtail.edit", "data": {}, "timestamp": "2025-08-10T20:57:23.686Z", "uuid": "c0ebe1ef-4dfc-4bce-b0d2-a60d25f94b20", "user": 1, "revision": null, "content_changed": true, "deleted": false, "object_id": "3"}}, {"model": "wagtailcore.modellogentry", "pk": 12, "fields": {"content_type": 36, "label": "Ensino", "action": "wagtail.edit", "data": {}, "timestamp": "2025-08-10T21:01:43.024Z", "uuid": "d2b6220e-bd5b-4af9-8008-b7ab024a25bb", "user": 1, "revision": null, "content_changed": true, "deleted": false, "object_id": "3"}}, {"model": "wagtailcore.modellogentry", "pk": 13, "fields": {"content_type": 36, "label": "Unidades", "action": "wagtail.edit", "data": {}, "timestamp": "2025-08-10T21:36:22.982Z", "uuid": "95cbbebe-a7b9-486c-950d-afa00e584a74", "user": 1, "revision": null, "content_changed": true, "deleted": false, "object_id": "1"}}, {"model": "wagtailcore.modellogentry", "pk": 14, "fields": {"content_type": 36, "label": "Pro-reitorias", "action": "wagtail.edit", "data": {}, "timestamp": "2025-08-10T21:36:51.242Z", "uuid": "c7468765-a2f7-4ebd-98d1-3f172db02945", "user": 1, "revision": null, "content_changed": true, "deleted": false, "object_id": "3"}}, {"model": "wagtailcore.modellogentry", "pk": 15, "fields": {"content_type": 36, "label": "Dimensão", "action": "wagtail.edit", "data": {}, "timestamp": "2025-08-10T21:37:36.287Z", "uuid": "9a50c6be-4de8-4b53-8cff-dc84e357581f", "user": 1, "revision": null, "content_changed": true, "deleted": false, "object_id": "2"}}, {"model": "wagtailcore.collection", "pk": 1, "fields": {"path": "0001", "depth": 1, "numchild": 1, "name": "Root"}}, {"model": "wagtailcore.collection", "pk": 2, "fields": {"path": "00010001", "depth": 2, "numchild": 0, "name": "Ensino"}}, {"model": "wagtailcore.groupcollectionpermission", "pk": 1, "fields": {"group": 2, "collection": 1, "permission": 101}}, {"model": "wagtailcore.groupcollectionpermission", "pk": 2, "fields": {"group": 1, "collection": 1, "permission": 101}}, {"model": "wagtailcore.groupcollectionpermission", "pk": 3, "fields": {"group": 2, "collection": 1, "permission": 102}}, {"model": "wagtailcore.groupcollectionpermission", "pk": 4, "fields": {"group": 1, "collection": 1, "permission": 102}}, {"model": "wagtailcore.groupcollectionpermission", "pk": 5, "fields": {"group": 2, "collection": 1, "permission": 105}}, {"model": "wagtailcore.groupcollectionpermission", "pk": 6, "fields": {"group": 1, "collection": 1, "permission": 105}}, {"model": "wagtailcore.groupcollectionpermission", "pk": 7, "fields": {"group": 2, "collection": 1, "permission": 106}}, {"model": "wagtailcore.groupcollectionpermission", "pk": 8, "fields": {"group": 1, "collection": 1, "permission": 106}}, {"model": "wagtailcore.groupcollectionpermission", "pk": 9, "fields": {"group": 2, "collection": 1, "permission": 107}}, {"model": "wagtailcore.groupcollectionpermission", "pk": 10, "fields": {"group": 1, "collection": 1, "permission": 107}}, {"model": "wagtailcore.groupcollectionpermission", "pk": 11, "fields": {"group": 2, "collection": 1, "permission": 109}}, {"model": "wagtailcore.groupcollectionpermission", "pk": 12, "fields": {"group": 1, "collection": 1, "permission": 109}}, {"model": "wagtailcore.referenceindex", "pk": 1, "fields": {"content_type": 25, "base_content_type": 25, "object_id": "1", "to_content_type": 7, "to_object_id": "1", "model_path": "collection", "content_path": "collection", "content_path_hash": "b40b1263-e929-57f2-a7f8-9dbce56b887b"}}, {"model": "wagtailcore.referenceindex", "pk": 3, "fields": {"content_type": 28, "base_content_type": 1, "object_id": "3", "to_content_type": 25, "to_object_id": "1", "model_path": "body.section.hero.image", "content_path": "body.db1a5b21-f84a-4c76-b105-1643d55dfd29.2a7741e2-2f3e-45fc-a113-41ab3af1a10a.image", "content_path_hash": "72d90b14-b9da-5a54-a39b-61434c3fdde6"}}, {"model": "wagtailcore.referenceindex", "pk": 5, "fields": {"content_type": 28, "base_content_type": 1, "object_id": "3", "to_content_type": 1, "to_object_id": "5", "model_path": "body.section.featured_section.section", "content_path": "body.db1a5b21-f84a-4c76-b105-1643d55dfd29.66027019-c675-453d-a42c-a03145b6fb7f.section", "content_path_hash": "6a610173-7a30-5690-ad08-c557d144ac77"}}, {"model": "wagtailcore.referenceindex", "pk": 6, "fields": {"content_type": 30, "base_content_type": 1, "object_id": "6", "to_content_type": 56, "to_object_id": "1", "model_path": "author", "content_path": "author", "content_path_hash": "4424f914-1688-5f97-8acb-0510a5a02095"}}, {"model": "wagtailcore.referenceindex", "pk": 7, "fields": {"content_type": 28, "base_content_type": 1, "object_id": "3", "to_content_type": 1, "to_object_id": "3", "model_path": "body.section.hero.cta_link", "content_path": "body.db1a5b21-f84a-4c76-b105-1643d55dfd29.2a7741e2-2f3e-45fc-a113-41ab3af1a10a.cta_link", "content_path_hash": "aca3e2a9-a55e-53cc-982d-34fbd861ea07"}}, {"model": "wagtailcore.referenceindex", "pk": 8, "fields": {"content_type": 25, "base_content_type": 25, "object_id": "2", "to_content_type": 7, "to_object_id": "1", "model_path": "collection", "content_path": "collection", "content_path_hash": "b40b1263-e929-57f2-a7f8-9dbce56b887b"}}, {"model": "wagtailcore.referenceindex", "pk": 9, "fields": {"content_type": 30, "base_content_type": 1, "object_id": "6", "to_content_type": 25, "to_object_id": "2", "model_path": "body.image.image", "content_path": "body.a558fcb9-00c0-40ce-b438-0e23913fb1b9.image", "content_path_hash": "396b9cd2-886b-56e1-92a6-d5cc8134aa9b"}}, {"model": "wagtailcore.referenceindex", "pk": 10, "fields": {"content_type": 25, "base_content_type": 25, "object_id": "3", "to_content_type": 7, "to_object_id": "1", "model_path": "collection", "content_path": "collection", "content_path_hash": "b40b1263-e929-57f2-a7f8-9dbce56b887b"}}, {"model": "wagtailcore.referenceindex", "pk": 11, "fields": {"content_type": 28, "base_content_type": 1, "object_id": "3", "to_content_type": 25, "to_object_id": "3", "model_path": "body.section.promo.image", "content_path": "body.db1a5b21-f84a-4c76-b105-1643d55dfd29.6eb4e180-4f55-47c9-9745-4b9a4d7ed46e.image", "content_path_hash": "7f3a9107-e1a6-51e4-af6a-24f45f5e1f91"}}, {"model": "wagtailcore.page", "pk": 1, "fields": {"path": "0001", "depth": 1, "numchild": 1, "translation_key": "29338e54-02c1-47cc-bb09-f46fc34f04a0", "locale": 1, "latest_revision": null, "live": true, "has_unpublished_changes": false, "first_published_at": null, "last_published_at": null, "live_revision": null, "go_live_at": null, "expire_at": null, "expired": false, "locked": false, "locked_at": null, "locked_by": null, "title": "Root", "draft_title": "Root", "slug": "root", "content_type": 1, "url_path": "/", "owner": null, "seo_title": "", "show_in_menus": false, "search_description": "", "latest_revision_created_at": null, "alias_of": null}}, {"model": "wagtailcore.page", "pk": 3, "fields": {"path": "00010001", "depth": 2, "numchild": 2, "translation_key": "8420dfc1-5c51-4907-93a7-b7a9996c4336", "locale": 1, "latest_revision": 25, "live": true, "has_unpublished_changes": false, "first_published_at": "2025-08-03T00:13:36.506Z", "last_published_at": "2025-08-11T00:37:57.075Z", "live_revision": 25, "go_live_at": null, "expire_at": null, "expired": false, "locked": false, "locked_at": null, "locked_by": null, "title": "Home", "draft_title": "Home", "slug": "home", "content_type": 28, "url_path": "/home/", "owner": null, "seo_title": "", "show_in_menus": true, "search_description": "", "latest_revision_created_at": "2025-08-11T00:37:57.038Z", "alias_of": null}}, {"model": "wagtailcore.page", "pk": 4, "fields": {"path": "000100010001", "depth": 3, "numchild": 0, "translation_key": "544873eb-8bb7-4f53-84d6-b5aca94aec73", "locale": 1, "latest_revision": 23, "live": true, "has_unpublished_changes": false, "first_published_at": "2025-08-03T00:16:07.217Z", "last_published_at": "2025-08-10T21:24:38.321Z", "live_revision": 23, "go_live_at": null, "expire_at": null, "expired": false, "locked": false, "locked_at": null, "locked_by": null, "title": "Sobre", "draft_title": "Sobre", "slug": "about", "content_type": 28, "url_path": "/home/about/", "owner": 1, "seo_title": "", "show_in_menus": true, "search_description": "", "latest_revision_created_at": "2025-08-10T21:24:38.287Z", "alias_of": null}}, {"model": "wagtailcore.page", "pk": 5, "fields": {"path": "000100010002", "depth": 3, "numchild": 3, "translation_key": "77eabf26-3438-4c73-9b13-4e6311c465d2", "locale": 1, "latest_revision": 20, "live": true, "has_unpublished_changes": false, "first_published_at": "2025-08-10T18:29:52.083Z", "last_published_at": "2025-08-10T20:57:38.669Z", "live_revision": 20, "go_live_at": null, "expire_at": null, "expired": false, "locked": false, "locked_at": null, "locked_by": null, "title": "Ultimas notícias", "draft_title": "Ultimas notícias", "slug": "articles", "content_type": 29, "url_path": "/home/articles/", "owner": 1, "seo_title": "", "show_in_menus": true, "search_description": "", "latest_revision_created_at": "2025-08-10T20:57:38.634Z", "alias_of": null}}, {"model": "wagtailcore.page", "pk": 6, "fields": {"path": "0001000100020001", "depth": 4, "numchild": 0, "translation_key": "e663345a-f86d-427c-b37c-38deb7903205", "locale": 1, "latest_revision": 22, "live": true, "has_unpublished_changes": false, "first_published_at": "2025-08-10T18:25:34.352Z", "last_published_at": "2025-08-10T21:01:59.913Z", "live_revision": 22, "go_live_at": null, "expire_at": null, "expired": false, "locked": false, "locked_at": null, "locked_by": null, "title": "IFRR abre seleção para programa de monitoria com bolsas de R$ 400,00", "draft_title": "IFRR abre seleção para programa de monitoria com bolsas de R$ 400,00", "slug": "article-1", "content_type": 30, "url_path": "/home/articles/article-1/", "owner": 1, "seo_title": "", "show_in_menus": false, "search_description": "", "latest_revision_created_at": "2025-08-10T21:01:59.880Z", "alias_of": null}}, {"model": "wagtailcore.page", "pk": 7, "fields": {"path": "0001000100020002", "depth": 4, "numchild": 0, "translation_key": "995cefdf-6714-412f-94ec-0e007f9b51f1", "locale": 1, "latest_revision": 18, "live": true, "has_unpublished_changes": false, "first_published_at": "2025-08-10T18:25:47.480Z", "last_published_at": "2025-08-10T20:28:26.584Z", "live_revision": 18, "go_live_at": null, "expire_at": null, "expired": false, "locked": false, "locked_at": null, "locked_by": null, "title": "Article 2", "draft_title": "Article 2", "slug": "article-2", "content_type": 30, "url_path": "/home/articles/article-2/", "owner": 1, "seo_title": "", "show_in_menus": false, "search_description": "", "latest_revision_created_at": "2025-08-10T20:28:26.553Z", "alias_of": null}}, {"model": "wagtailcore.page", "pk": 8, "fields": {"path": "0001000100020003", "depth": 4, "numchild": 0, "translation_key": "8e0d731a-e437-4e96-b3fc-acb5de9aa07b", "locale": 1, "latest_revision": 17, "live": true, "has_unpublished_changes": false, "first_published_at": "2025-08-10T18:25:56.791Z", "last_published_at": "2025-08-10T20:28:09.513Z", "live_revision": 17, "go_live_at": null, "expire_at": null, "expired": false, "locked": false, "locked_at": null, "locked_by": null, "title": "Article 3", "draft_title": "Article 3", "slug": "article-3", "content_type": 30, "url_path": "/home/articles/article-3/", "owner": 1, "seo_title": "", "show_in_menus": false, "search_description": "", "latest_revision_created_at": "2025-08-10T20:28:09.470Z", "alias_of": null}}, {"model": "wagtailcore.revision", "pk": 1, "fields": {"content_type": 28, "base_content_type": 1, "object_id": "3", "created_at": "2025-08-03T00:13:36.470Z", "user": 1, "object_str": "Home", "content": {"pk": 3, "path": "00010001", "depth": 2, "numchild": 0, "translation_key": "8420dfc1-5c51-4907-93a7-b7a9996c4336", "locale": 1, "latest_revision": null, "live": true, "has_unpublished_changes": false, "first_published_at": null, "last_published_at": null, "live_revision": null, "go_live_at": null, "expire_at": null, "expired": false, "locked": false, "locked_at": null, "locked_by": null, "title": "Home", "draft_title": "Home", "slug": "home", "content_type": 28, "url_path": "/home/", "owner": null, "seo_title": "", "show_in_menus": false, "search_description": "", "latest_revision_created_at": null, "alias_of": null, "index_order_by": "", "custom_template": "aratinga/pages/web_page.html", "body": "[{\"type\": \"hero\", \"value\": {\"image\": 1, \"hero_text\": \"Hero text\", \"hero_cta\": \"Hero cta\", \"hero_cta_link\": \"Hero cta link\"}, \"id\": \"948c70aa-22b0-4acd-8773-5cb3828e7b2b\"}]", "wagtail_admin_comments": [], "tagged_items": [], "classifier_terms": []}, "approved_go_live_at": null}}, {"model": "wagtailcore.revision", "pk": 2, "fields": {"content_type": 28, "base_content_type": 1, "object_id": "3", "created_at": "2025-08-03T00:15:54.274Z", "user": 1, "object_str": "Home", "content": {"pk": 3, "path": "00010001", "depth": 2, "numchild": 0, "translation_key": "8420dfc1-5c51-4907-93a7-b7a9996c4336", "locale": 1, "latest_revision": 1, "live": true, "has_unpublished_changes": false, "first_published_at": "2025-08-03T00:13:36.506Z", "last_published_at": "2025-08-03T00:13:36.506Z", "live_revision": 1, "go_live_at": null, "expire_at": null, "expired": false, "locked": false, "locked_at": null, "locked_by": null, "title": "Home", "draft_title": "Home", "slug": "home", "content_type": 28, "url_path": "/home/", "owner": null, "seo_title": "", "show_in_menus": true, "search_description": "", "latest_revision_created_at": "2025-08-03T00:13:36.470Z", "alias_of": null, "index_order_by": "", "custom_template": "aratinga/pages/web_page.html", "body": "[{\"type\": \"hero\", \"value\": {\"image\": 1, \"hero_text\": \"Hero text\", \"hero_cta\": \"Hero cta\", \"hero_cta_link\": \"Hero cta link\"}, \"id\": \"948c70aa-22b0-4acd-8773-5cb3828e7b2b\"}]", "wagtail_admin_comments": [], "tagged_items": [], "classifier_terms": []}, "approved_go_live_at": null}}, {"model": "wagtailcore.revision", "pk": 3, "fields": {"content_type": 28, "base_content_type": 1, "object_id": "4", "created_at": "2025-08-03T00:16:07.170Z", "user": 1, "object_str": "About", "content": {"pk": 4, "path": "000100010001", "depth": 3, "numchild": 0, "translation_key": "544873eb-8bb7-4f53-84d6-b5aca94aec73", "locale": 1, "latest_revision": null, "live": true, "has_unpublished_changes": false, "first_published_at": null, "last_published_at": null, "live_revision": null, "go_live_at": null, "expire_at": null, "expired": false, "locked": false, "locked_at": null, "locked_by": null, "title": "About", "draft_title": "About", "slug": "about", "content_type": 28, "url_path": "/home/about/", "owner": 1, "seo_title": "", "show_in_menus": false, "search_description": "", "latest_revision_created_at": null, "alias_of": null, "index_order_by": "", "custom_template": "", "body": "[]", "wagtail_admin_comments": [], "tagged_items": [], "classifier_terms": []}, "approved_go_live_at": null}}, {"model": "wagtailcore.revision", "pk": 4, "fields": {"content_type": 28, "base_content_type": 1, "object_id": "4", "created_at": "2025-08-03T00:16:13.570Z", "user": 1, "object_str": "About", "content": {"pk": 4, "path": "000100010001", "depth": 3, "numchild": 0, "translation_key": "544873eb-8bb7-4f53-84d6-b5aca94aec73", "locale": 1, "latest_revision": 3, "live": true, "has_unpublished_changes": false, "first_published_at": "2025-08-03T00:16:07.217Z", "last_published_at": "2025-08-03T00:16:07.217Z", "live_revision": 3, "go_live_at": null, "expire_at": null, "expired": false, "locked": false, "locked_at": null, "locked_by": null, "title": "About", "draft_title": "About", "slug": "about", "content_type": 28, "url_path": "/home/about/", "owner": 1, "seo_title": "", "show_in_menus": true, "search_description": "", "latest_revision_created_at": "2025-08-03T00:16:07.170Z", "alias_of": null, "index_order_by": "", "custom_template": "", "body": "[]", "wagtail_admin_comments": [], "tagged_items": [], "classifier_terms": []}, "approved_go_live_at": null}}, {"model": "wagtailcore.revision", "pk": 5, "fields": {"content_type": 28, "base_content_type": 1, "object_id": "3", "created_at": "2025-08-10T18:24:43.899Z", "user": 1, "object_str": "Home", "content": {"pk": 3, "path": "00010001", "depth": 2, "numchild": 1, "translation_key": "8420dfc1-5c51-4907-93a7-b7a9996c4336", "locale": 1, "latest_revision": 2, "live": true, "has_unpublished_changes": false, "first_published_at": "2025-08-03T00:13:36.506Z", "last_published_at": "2025-08-03T00:15:54.314Z", "live_revision": 2, "go_live_at": null, "expire_at": null, "expired": false, "locked": false, "locked_at": null, "locked_by": null, "title": "Home", "draft_title": "Home", "slug": "home", "content_type": 28, "url_path": "/home/", "owner": null, "seo_title": "", "show_in_menus": true, "search_description": "", "latest_revision_created_at": "2025-08-03T00:15:54.274Z", "alias_of": null, "index_order_by": "", "custom_template": "aratinga/pages/web_page.html", "body": "[{\"type\": \"section\", \"value\": [{\"type\": \"hero\", \"value\": {\"image\": 1, \"hero_text\": \"Hero text\", \"hero_cta\": \"Hero cta\", \"hero_cta_link\": 4}, \"id\": \"2a7741e2-2f3e-45fc-a113-41ab3af1a10a\"}], \"id\": \"db1a5b21-f84a-4c76-b105-1643d55dfd29\"}]", "wagtail_admin_comments": [], "tagged_items": [], "classifier_terms": []}, "approved_go_live_at": null}}, {"model": "wagtailcore.revision", "pk": 6, "fields": {"content_type": 29, "base_content_type": 1, "object_id": "5", "created_at": "2025-08-10T18:25:24.391Z", "user": 1, "object_str": "Articles", "content": {"pk": 5, "path": "000100010002", "depth": 3, "numchild": 0, "translation_key": "77eabf26-3438-4c73-9b13-4e6311c465d2", "locale": 1, "latest_revision": null, "live": false, "has_unpublished_changes": false, "first_published_at": null, "last_published_at": null, "live_revision": null, "go_live_at": null, "expire_at": null, "expired": false, "locked": false, "locked_at": null, "locked_by": null, "title": "Articles", "draft_title": "Articles", "slug": "articles", "content_type": 29, "url_path": "/home/articles/", "owner": 1, "seo_title": "", "show_in_menus": false, "search_description": "", "latest_revision_created_at": null, "alias_of": null, "index_order_by": "-date_display", "custom_template": "", "show_images": true, "show_captions": true, "show_meta": true, "show_preview_text": true, "wagtail_admin_comments": [], "tagged_items": [], "classifier_terms": []}, "approved_go_live_at": null}}, {"model": "wagtailcore.revision", "pk": 7, "fields": {"content_type": 30, "base_content_type": 1, "object_id": "6", "created_at": "2025-08-10T18:25:34.320Z", "user": 1, "object_str": "Article 1", "content": {"pk": 6, "path": "0001000100020001", "depth": 4, "numchild": 0, "translation_key": "e663345a-f86d-427c-b37c-38deb7903205", "locale": 1, "latest_revision": null, "live": true, "has_unpublished_changes": false, "first_published_at": null, "last_published_at": null, "live_revision": null, "go_live_at": null, "expire_at": null, "expired": false, "locked": false, "locked_at": null, "locked_by": null, "title": "Article 1", "draft_title": "Article 1", "slug": "article-1", "content_type": 30, "url_path": "/home/articles/article-1/", "owner": 1, "seo_title": "", "show_in_menus": false, "search_description": "", "latest_revision_created_at": null, "alias_of": null, "index_order_by": "", "custom_template": "", "body": "[]", "caption": "", "author": null, "author_display": "", "date_display": null, "wagtail_admin_comments": [], "tagged_items": [], "classifier_terms": []}, "approved_go_live_at": null}}, {"model": "wagtailcore.revision", "pk": 8, "fields": {"content_type": 30, "base_content_type": 1, "object_id": "7", "created_at": "2025-08-10T18:25:47.449Z", "user": 1, "object_str": "Article 2", "content": {"pk": 7, "path": "0001000100020002", "depth": 4, "numchild": 0, "translation_key": "995cefdf-6714-412f-94ec-0e007f9b51f1", "locale": 1, "latest_revision": null, "live": true, "has_unpublished_changes": false, "first_published_at": null, "last_published_at": null, "live_revision": null, "go_live_at": null, "expire_at": null, "expired": false, "locked": false, "locked_at": null, "locked_by": null, "title": "Article 2", "draft_title": "Article 2", "slug": "article-2", "content_type": 30, "url_path": "/home/articles/article-2/", "owner": 1, "seo_title": "", "show_in_menus": false, "search_description": "", "latest_revision_created_at": null, "alias_of": null, "index_order_by": "", "custom_template": "", "body": "[]", "caption": "", "author": null, "author_display": "", "date_display": null, "wagtail_admin_comments": [], "tagged_items": [], "classifier_terms": []}, "approved_go_live_at": null}}, {"model": "wagtailcore.revision", "pk": 9, "fields": {"content_type": 30, "base_content_type": 1, "object_id": "8", "created_at": "2025-08-10T18:25:56.755Z", "user": 1, "object_str": "Article 3", "content": {"pk": 8, "path": "0001000100020003", "depth": 4, "numchild": 0, "translation_key": "8e0d731a-e437-4e96-b3fc-acb5de9aa07b", "locale": 1, "latest_revision": null, "live": true, "has_unpublished_changes": false, "first_published_at": null, "last_published_at": null, "live_revision": null, "go_live_at": null, "expire_at": null, "expired": false, "locked": false, "locked_at": null, "locked_by": null, "title": "Article 3", "draft_title": "Article 3", "slug": "article-3", "content_type": 30, "url_path": "/home/articles/article-3/", "owner": 1, "seo_title": "", "show_in_menus": false, "search_description": "", "latest_revision_created_at": null, "alias_of": null, "index_order_by": "", "custom_template": "", "body": "[]", "caption": "", "author": null, "author_display": "", "date_display": null, "wagtail_admin_comments": [], "tagged_items": [], "classifier_terms": []}, "approved_go_live_at": null}}, {"model": "wagtailcore.revision", "pk": 10, "fields": {"content_type": 28, "base_content_type": 1, "object_id": "3", "created_at": "2025-08-10T18:26:19.651Z", "user": 1, "object_str": "Home", "content": {"pk": 3, "path": "00010001", "depth": 2, "numchild": 2, "translation_key": "8420dfc1-5c51-4907-93a7-b7a9996c4336", "locale": 1, "latest_revision": 5, "live": true, "has_unpublished_changes": false, "first_published_at": "2025-08-03T00:13:36.506Z", "last_published_at": "2025-08-10T18:24:43.942Z", "live_revision": 5, "go_live_at": null, "expire_at": null, "expired": false, "locked": false, "locked_at": null, "locked_by": null, "title": "Home", "draft_title": "Home", "slug": "home", "content_type": 28, "url_path": "/home/", "owner": null, "seo_title": "", "show_in_menus": true, "search_description": "", "latest_revision_created_at": "2025-08-10T18:24:43.899Z", "alias_of": null, "index_order_by": "", "custom_template": "aratinga/pages/web_page.html", "body": "[{\"type\": \"section\", \"value\": [{\"type\": \"hero\", \"value\": {\"image\": 1, \"hero_text\": \"Hero text\", \"hero_cta\": \"Hero cta\", \"hero_cta_link\": 4}, \"id\": \"2a7741e2-2f3e-45fc-a113-41ab3af1a10a\"}, {\"type\": \"featured_section\", \"value\": {\"title\": \"Articles\", \"section\": 5}, \"id\": \"66027019-c675-453d-a42c-a03145b6fb7f\"}], \"id\": \"db1a5b21-f84a-4c76-b105-1643d55dfd29\"}]", "wagtail_admin_comments": [], "tagged_items": [], "classifier_terms": []}, "approved_go_live_at": null}}, {"model": "wagtailcore.revision", "pk": 11, "fields": {"content_type": 30, "base_content_type": 1, "object_id": "6", "created_at": "2025-08-10T18:28:45.817Z", "user": 1, "object_str": "Article 1", "content": {"pk": 6, "path": "0001000100020001", "depth": 4, "numchild": 0, "translation_key": "e663345a-f86d-427c-b37c-38deb7903205", "locale": 1, "latest_revision": 7, "live": true, "has_unpublished_changes": false, "first_published_at": "2025-08-10T18:25:34.352Z", "last_published_at": "2025-08-10T18:25:34.352Z", "live_revision": 7, "go_live_at": null, "expire_at": null, "expired": false, "locked": false, "locked_at": null, "locked_by": null, "title": "Article 1", "draft_title": "Article 1", "slug": "article-1", "content_type": 30, "url_path": "/home/articles/article-1/", "owner": 1, "seo_title": "", "show_in_menus": false, "search_description": "", "latest_revision_created_at": "2025-08-10T18:25:34.320Z", "alias_of": null, "index_order_by": "", "custom_template": "", "body": "[{\"type\": \"text\", \"value\": \"<p data-block-key=\\\"tif00\\\">Lorem ipsum dolor iset ametLorem ipsum dolor iset ametLorem ipsum dolor iset ametLorem ipsum dolor iset ametLorem ipsum dolor iset ametLorem ipsum dolor iset ametLorem ipsum dolor iset amet</p>\", \"id\": \"ad1f1e6e-a315-43b7-84bc-a32cc3518ca5\"}]", "caption": "Lorem ipsum dolor iset amet", "author": 1, "author_display": "", "date_display": null, "wagtail_admin_comments": [], "tagged_items": [], "classifier_terms": []}, "approved_go_live_at": null}}, {"model": "wagtailcore.revision", "pk": 12, "fields": {"content_type": 29, "base_content_type": 1, "object_id": "5", "created_at": "2025-08-10T18:29:52.050Z", "user": 1, "object_str": "Articles", "content": {"pk": 5, "path": "000100010002", "depth": 3, "numchild": 3, "translation_key": "77eabf26-3438-4c73-9b13-4e6311c465d2", "locale": 1, "latest_revision": 6, "live": false, "has_unpublished_changes": true, "first_published_at": null, "last_published_at": null, "live_revision": null, "go_live_at": null, "expire_at": null, "expired": false, "locked": false, "locked_at": null, "locked_by": null, "title": "Articles", "draft_title": "Articles", "slug": "articles", "content_type": 29, "url_path": "/home/articles/", "owner": 1, "seo_title": "", "show_in_menus": true, "search_description": "", "latest_revision_created_at": "2025-08-10T18:25:24.391Z", "alias_of": null, "index_order_by": "-date_display", "custom_template": "", "show_images": true, "show_captions": true, "show_meta": true, "show_preview_text": true, "wagtail_admin_comments": [], "tagged_items": [], "classifier_terms": []}, "approved_go_live_at": null}}, {"model": "wagtailcore.revision", "pk": 13, "fields": {"content_type": 28, "base_content_type": 1, "object_id": "3", "created_at": "2025-08-10T19:27:20.612Z", "user": 1, "object_str": "Home", "content": {"pk": 3, "path": "00010001", "depth": 2, "numchild": 2, "translation_key": "8420dfc1-5c51-4907-93a7-b7a9996c4336", "locale": 1, "latest_revision": 10, "live": true, "has_unpublished_changes": false, "first_published_at": "2025-08-03T00:13:36.506Z", "last_published_at": "2025-08-10T18:26:19.688Z", "live_revision": 10, "go_live_at": null, "expire_at": null, "expired": false, "locked": false, "locked_at": null, "locked_by": null, "title": "Home", "draft_title": "Home", "slug": "home", "content_type": 28, "url_path": "/home/", "owner": null, "seo_title": "", "show_in_menus": true, "search_description": "", "latest_revision_created_at": "2025-08-10T18:26:19.651Z", "alias_of": null, "index_order_by": "", "custom_template": "aratinga/pages/web_page.html", "body": "[{\"type\": \"section\", \"value\": [{\"type\": \"hero\", \"value\": {\"image\": 1, \"text\": \"Text\", \"cta\": \"CTA\", \"cta_link\": 3}, \"id\": \"2a7741e2-2f3e-45fc-a113-41ab3af1a10a\"}, {\"type\": \"featured_section\", \"value\": {\"title\": \"Articles\", \"section\": 5}, \"id\": \"66027019-c675-453d-a42c-a03145b6fb7f\"}], \"id\": \"db1a5b21-f84a-4c76-b105-1643d55dfd29\"}]", "wagtail_admin_comments": [], "tagged_items": [], "classifier_terms": []}, "approved_go_live_at": null}}, {"model": "wagtailcore.revision", "pk": 14, "fields": {"content_type": 28, "base_content_type": 1, "object_id": "3", "created_at": "2025-08-10T19:27:24.240Z", "user": 1, "object_str": "Home", "content": {"pk": 3, "path": "00010001", "depth": 2, "numchild": 2, "translation_key": "8420dfc1-5c51-4907-93a7-b7a9996c4336", "locale": 1, "latest_revision": 13, "live": true, "has_unpublished_changes": true, "first_published_at": "2025-08-03T00:13:36.506Z", "last_published_at": "2025-08-10T18:26:19.688Z", "live_revision": 10, "go_live_at": null, "expire_at": null, "expired": false, "locked": false, "locked_at": null, "locked_by": null, "title": "Home", "draft_title": "Home", "slug": "home", "content_type": 28, "url_path": "/home/", "owner": null, "seo_title": "", "show_in_menus": true, "search_description": "", "latest_revision_created_at": "2025-08-10T19:27:20.612Z", "alias_of": null, "index_order_by": "", "custom_template": "aratinga/pages/web_page.html", "body": "[{\"type\": \"section\", \"value\": [{\"type\": \"hero\", \"value\": {\"image\": 1, \"text\": \"Text\", \"cta\": \"CTA\", \"cta_link\": 3}, \"id\": \"2a7741e2-2f3e-45fc-a113-41ab3af1a10a\"}, {\"type\": \"featured_section\", \"value\": {\"title\": \"Articles\", \"section\": 5}, \"id\": \"66027019-c675-453d-a42c-a03145b6fb7f\"}], \"id\": \"db1a5b21-f84a-4c76-b105-1643d55dfd29\"}]", "wagtail_admin_comments": [], "tagged_items": [], "classifier_terms": []}, "approved_go_live_at": null}}, {"model": "wagtailcore.revision", "pk": 15, "fields": {"content_type": 28, "base_content_type": 1, "object_id": "3", "created_at": "2025-08-10T19:43:09.036Z", "user": 1, "object_str": "Home", "content": {"pk": 3, "path": "00010001", "depth": 2, "numchild": 2, "translation_key": "8420dfc1-5c51-4907-93a7-b7a9996c4336", "locale": 1, "latest_revision": 14, "live": true, "has_unpublished_changes": false, "first_published_at": "2025-08-03T00:13:36.506Z", "last_published_at": "2025-08-10T19:27:24.294Z", "live_revision": 14, "go_live_at": null, "expire_at": null, "expired": false, "locked": false, "locked_at": null, "locked_by": null, "title": "Home", "draft_title": "Home", "slug": "home", "content_type": 28, "url_path": "/home/", "owner": null, "seo_title": "", "show_in_menus": true, "search_description": "", "latest_revision_created_at": "2025-08-10T19:27:24.240Z", "alias_of": null, "index_order_by": "", "custom_template": "aratinga/pages/web_page.html", "body": "[{\"type\": \"section\", \"value\": [{\"type\": \"hero\", \"value\": {\"image\": 1, \"title\": \"Qual \\u00e9 o padr\\u00e3o m\\u00ednimo para aplica\\u00e7\\u00f5es de governo?\", \"text\": \"Aplica\\u00e7\\u00f5es de governo precisam estar corretamente adequadas ao Padr\\u00e3o Digital.\", \"cta\": \"Ver padr\\u00e3o m\\u00ednimo\", \"cta_link\": 3}, \"id\": \"2a7741e2-2f3e-45fc-a113-41ab3af1a10a\"}, {\"type\": \"featured_section\", \"value\": {\"title\": \"Articles\", \"section\": 5}, \"id\": \"66027019-c675-453d-a42c-a03145b6fb7f\"}], \"id\": \"db1a5b21-f84a-4c76-b105-1643d55dfd29\"}]", "wagtail_admin_comments": [], "tagged_items": [], "classifier_terms": []}, "approved_go_live_at": null}}, {"model": "wagtailcore.revision", "pk": 16, "fields": {"content_type": 28, "base_content_type": 1, "object_id": "3", "created_at": "2025-08-10T19:44:37.054Z", "user": 1, "object_str": "Home", "content": {"pk": 3, "path": "00010001", "depth": 2, "numchild": 2, "translation_key": "8420dfc1-5c51-4907-93a7-b7a9996c4336", "locale": 1, "latest_revision": 15, "live": true, "has_unpublished_changes": false, "first_published_at": "2025-08-03T00:13:36.506Z", "last_published_at": "2025-08-10T19:43:09.076Z", "live_revision": 15, "go_live_at": null, "expire_at": null, "expired": false, "locked": false, "locked_at": null, "locked_by": null, "title": "Home", "draft_title": "Home", "slug": "home", "content_type": 28, "url_path": "/home/", "owner": null, "seo_title": "", "show_in_menus": true, "search_description": "", "latest_revision_created_at": "2025-08-10T19:43:09.036Z", "alias_of": null, "index_order_by": "", "custom_template": "aratinga/pages/web_page.html", "body": "[{\"type\": \"section\", \"value\": [{\"type\": \"hero\", \"value\": {\"image\": 1, \"title\": \"Qual \\u00e9 o padr\\u00e3o m\\u00ednimo para aplica\\u00e7\\u00f5es de governo?\", \"text\": \"Aplica\\u00e7\\u00f5es de governo precisam estar corretamente adequadas ao Padr\\u00e3o Digital.\", \"cta\": \"Ver padr\\u00e3o m\\u00ednimo\", \"cta_link\": 3}, \"id\": \"2a7741e2-2f3e-45fc-a113-41ab3af1a10a\"}, {\"type\": \"featured_section\", \"value\": {\"title\": \"Articles\", \"section\": 5}, \"id\": \"66027019-c675-453d-a42c-a03145b6fb7f\"}], \"id\": \"db1a5b21-f84a-4c76-b105-1643d55dfd29\"}]", "wagtail_admin_comments": [], "tagged_items": [], "classifier_terms": []}, "approved_go_live_at": null}}, {"model": "wagtailcore.revision", "pk": 17, "fields": {"content_type": 30, "base_content_type": 1, "object_id": "8", "created_at": "2025-08-10T20:28:09.470Z", "user": 1, "object_str": "Article 3", "content": {"pk": 8, "path": "0001000100020003", "depth": 4, "numchild": 0, "translation_key": "8e0d731a-e437-4e96-b3fc-acb5de9aa07b", "locale": 1, "latest_revision": 9, "live": true, "has_unpublished_changes": false, "first_published_at": "2025-08-10T18:25:56.791Z", "last_published_at": "2025-08-10T18:25:56.791Z", "live_revision": 9, "go_live_at": null, "expire_at": null, "expired": false, "locked": false, "locked_at": null, "locked_by": null, "title": "Article 3", "draft_title": "Article 3", "slug": "article-3", "content_type": 30, "url_path": "/home/articles/article-3/", "owner": 1, "seo_title": "", "show_in_menus": false, "search_description": "", "latest_revision_created_at": "2025-08-10T18:25:56.755Z", "alias_of": null, "index_order_by": "", "custom_template": "", "body": "[]", "caption": "O título da página como você gostaria que fosse visto pelo público", "author": null, "author_display": "", "date_display": null, "wagtail_admin_comments": [], "tagged_items": [], "classifier_terms": []}, "approved_go_live_at": null}}, {"model": "wagtailcore.revision", "pk": 18, "fields": {"content_type": 30, "base_content_type": 1, "object_id": "7", "created_at": "2025-08-10T20:28:26.553Z", "user": 1, "object_str": "Article 2", "content": {"pk": 7, "path": "0001000100020002", "depth": 4, "numchild": 0, "translation_key": "995cefdf-6714-412f-94ec-0e007f9b51f1", "locale": 1, "latest_revision": 8, "live": true, "has_unpublished_changes": false, "first_published_at": "2025-08-10T18:25:47.480Z", "last_published_at": "2025-08-10T18:25:47.480Z", "live_revision": 8, "go_live_at": null, "expire_at": null, "expired": false, "locked": false, "locked_at": null, "locked_by": null, "title": "Article 2", "draft_title": "Article 2", "slug": "article-2", "content_type": 30, "url_path": "/home/articles/article-2/", "owner": 1, "seo_title": "", "show_in_menus": false, "search_description": "", "latest_revision_created_at": "2025-08-10T18:25:47.449Z", "alias_of": null, "index_order_by": "", "custom_template": "", "body": "[]", "caption": "O título da página como você gostaria que fosse visto pelo público", "author": null, "author_display": "", "date_display": null, "wagtail_admin_comments": [], "tagged_items": [], "classifier_terms": []}, "approved_go_live_at": null}}, {"model": "wagtailcore.revision", "pk": 19, "fields": {"content_type": 30, "base_content_type": 1, "object_id": "6", "created_at": "2025-08-10T20:31:12.204Z", "user": 1, "object_str": "Article 1", "content": {"pk": 6, "path": "0001000100020001", "depth": 4, "numchild": 0, "translation_key": "e663345a-f86d-427c-b37c-38deb7903205", "locale": 1, "latest_revision": 11, "live": true, "has_unpublished_changes": false, "first_published_at": "2025-08-10T18:25:34.352Z", "last_published_at": "2025-08-10T18:28:45.850Z", "live_revision": 11, "go_live_at": null, "expire_at": null, "expired": false, "locked": false, "locked_at": null, "locked_by": null, "title": "Article 1", "draft_title": "Article 1", "slug": "article-1", "content_type": 30, "url_path": "/home/articles/article-1/", "owner": 1, "seo_title": "", "show_in_menus": false, "search_description": "", "latest_revision_created_at": "2025-08-10T18:28:45.817Z", "alias_of": null, "index_order_by": "", "custom_template": "", "body": "[{\"type\": \"text\", \"value\": \"<p data-block-key=\\\"tif00\\\">Lorem ipsum dolor iset ametLorem ipsum dolor iset ametLorem ipsum dolor iset ametLorem ipsum dolor iset ametLorem ipsum dolor iset ametLorem ipsum dolor iset ametLorem ipsum dolor iset amet</p>\", \"id\": \"ad1f1e6e-a315-43b7-84bc-a32cc3518ca5\"}]", "caption": "O título da página como você gostaria que fosse visto pelo público", "author": 1, "author_display": "", "date_display": null, "wagtail_admin_comments": [], "tagged_items": [], "classifier_terms": []}, "approved_go_live_at": null}}, {"model": "wagtailcore.revision", "pk": 20, "fields": {"content_type": 29, "base_content_type": 1, "object_id": "5", "created_at": "2025-08-10T20:57:38.634Z", "user": 1, "object_str": "Ultimas notícias", "content": {"pk": 5, "path": "000100010002", "depth": 3, "numchild": 3, "translation_key": "77eabf26-3438-4c73-9b13-4e6311c465d2", "locale": 1, "latest_revision": 12, "live": true, "has_unpublished_changes": false, "first_published_at": "2025-08-10T18:29:52.083Z", "last_published_at": "2025-08-10T18:29:52.083Z", "live_revision": 12, "go_live_at": null, "expire_at": null, "expired": false, "locked": false, "locked_at": null, "locked_by": null, "title": "Ultimas notícias", "draft_title": "Articles", "slug": "articles", "content_type": 29, "url_path": "/home/articles/", "owner": 1, "seo_title": "", "show_in_menus": true, "search_description": "", "latest_revision_created_at": "2025-08-10T18:29:52.050Z", "alias_of": null, "index_order_by": "-date_display", "custom_template": "", "show_images": true, "show_captions": true, "show_meta": true, "show_preview_text": true, "wagtail_admin_comments": [], "tagged_items": [], "classifier_terms": []}, "approved_go_live_at": null}}, {"model": "wagtailcore.revision", "pk": 21, "fields": {"content_type": 30, "base_content_type": 1, "object_id": "6", "created_at": "2025-08-10T20:58:55.932Z", "user": 1, "object_str": "IFRR abre seleção para programa de monitoria com bolsas de R$ 400,00", "content": {"pk": 6, "path": "0001000100020001", "depth": 4, "numchild": 0, "translation_key": "e663345a-f86d-427c-b37c-38deb7903205", "locale": 1, "latest_revision": 19, "live": true, "has_unpublished_changes": false, "first_published_at": "2025-08-10T18:25:34.352Z", "last_published_at": "2025-08-10T20:31:12.234Z", "live_revision": 19, "go_live_at": null, "expire_at": null, "expired": false, "locked": false, "locked_at": null, "locked_by": null, "title": "IFRR abre seleção para programa de monitoria com bolsas de R$ 400,00", "draft_title": "Article 1", "slug": "article-1", "content_type": 30, "url_path": "/home/articles/article-1/", "owner": 1, "seo_title": "", "show_in_menus": false, "search_description": "", "latest_revision_created_at": "2025-08-10T20:31:12.204Z", "alias_of": null, "index_order_by": "", "custom_template": "", "body": "[{\"type\": \"text\", \"value\": \"<p data-block-key=\\\"tif00\\\"> A monitoria ter\\u00e1 dura\\u00e7\\u00e3o de tr\\u00eas meses, com atividades realizadas exclusivamente durante o semestre letivo 2025.2 </p>\", \"id\": \"ad1f1e6e-a315-43b7-84bc-a32cc3518ca5\"}, {\"type\": \"image\", \"value\": {\"settings\": {\"custom_template\": \"\", \"custom_css_class\": \"\", \"custom_id\": \"\"}, \"image\": 2}, \"id\": \"a558fcb9-00c0-40ce-b438-0e23913fb1b9\"}, {\"type\": \"text\", \"value\": \"<p data-block-key=\\\"5lcx8\\\"> O Instituto Federal de Roraima (IFRR), por meio da Pr\\u00f3-Reitoria de Ensino (Proen), lan\\u00e7ou o <a href=\\\"https://www.ifrr.edu.br/seletivos/edital-72025-proenifrr-monitoria-2025/\\\">Edital 07/2025</a>, que regulamenta o Programa Institucional de Monitoria para o semestre letivo 2025.2. A iniciativa visa fortalecer o processo de ensino-aprendizagem por meio da atua\\u00e7\\u00e3o de estudantes com alto desempenho acad\\u00eamico em componentes curriculares com altos \\u00edndices de reprova\\u00e7\\u00e3o.</p><p data-block-key=\\\"89bvf\\\">Ao todo, est\\u00e3o sendo ofertadas 22 vagas, distribu\\u00eddas entre monitoria remunerada (R$ 400 mensais) e volunt\\u00e1ria, nos <i>Campi</i> Amajari, Bonfim, Boa Vista, Boa Vista Zona Oeste e Novo Para\\u00edso. A monitoria ter\\u00e1 dura\\u00e7\\u00e3o de tr\\u00eas meses, com atividades realizadas exclusivamente durante o semestre letivo 2025.2.</p><p data-block-key=\\\"a0mt0\\\">Podem se inscrever estudantes regularmente matriculados em cursos t\\u00e9cnicos ou de gradua\\u00e7\\u00e3o presenciais do IFRR que tenham m\\u00e9dia m\\u00ednima de 8 no componente curricular para o qual desejam concorrer e coeficiente geral tamb\\u00e9m igual ou superior a 8. \\u00c9 necess\\u00e1rio ainda ter disponibilidade de pelo menos dez horas semanais e n\\u00e3o estar vinculado a outro programa de bolsa no IFRR, salvo em caso de compatibilidade de carga hor\\u00e1ria.</p><p data-block-key=\\\"5gtl6\\\">Cada candidato poder\\u00e1 concorrer a apenas uma vaga no <i>campus</i> em que estiver matriculado. Os interessados estar\\u00e3o isentos de taxa de inscri\\u00e7\\u00e3o e dever\\u00e3o indicar o componente curricular desejado no momento da candidatura.</p><p data-block-key=\\\"as0ea\\\">A monitoria poder\\u00e1 ser desenvolvida na modalidade remunerada ou volunt\\u00e1ria, conforme a disponibilidade de vagas em cada unidade. Os monitores atuar\\u00e3o sob a orienta\\u00e7\\u00e3o de um docente, auxiliando os colegas nas atividades de refor\\u00e7o e apoio pedag\\u00f3gico, sem substituir o professor. As atividades n\\u00e3o poder\\u00e3o coincidir com o hor\\u00e1rio regular de aula do estudante-monitor. Ao final da experi\\u00eancia, ser\\u00e1 exigida a entrega de um relat\\u00f3rio final e o cumprimento de carga hor\\u00e1ria m\\u00ednima para a certifica\\u00e7\\u00e3o.</p><p data-block-key=\\\"djlpk\\\">Cada <i>campus</i> ser\\u00e1 respons\\u00e1vel por lan\\u00e7ar a pr\\u00f3pria chamada p\\u00fablica, definindo cronograma e crit\\u00e9rios espec\\u00edficos de sele\\u00e7\\u00e3o, que podem incluir an\\u00e1lise de hist\\u00f3rico escolar, prova, entrevista ou sorteio. A participa\\u00e7\\u00e3o anterior no programa de monitoria poder\\u00e1 ser considerada como crit\\u00e9rio adicional de pontua\\u00e7\\u00e3o.</p><p data-block-key=\\\"b04lr\\\"><b>Ascom/Reitoria</b></p><p data-block-key=\\\"43jjm\\\">8/8/25</p>\", \"id\": \"0b70dd87-30db-492d-bcff-813f80e5feb3\"}]", "caption": "Monitoria", "author": 1, "author_display": "", "date_display": null, "wagtail_admin_comments": [], "tagged_items": [], "classifier_terms": []}, "approved_go_live_at": null}}, {"model": "wagtailcore.revision", "pk": 22, "fields": {"content_type": 30, "base_content_type": 1, "object_id": "6", "created_at": "2025-08-10T21:01:59.880Z", "user": 1, "object_str": "IFRR abre seleção para programa de monitoria com bolsas de R$ 400,00", "content": {"pk": 6, "path": "0001000100020001", "depth": 4, "numchild": 0, "translation_key": "e663345a-f86d-427c-b37c-38deb7903205", "locale": 1, "latest_revision": 21, "live": true, "has_unpublished_changes": false, "first_published_at": "2025-08-10T18:25:34.352Z", "last_published_at": "2025-08-10T20:58:55.964Z", "live_revision": 21, "go_live_at": null, "expire_at": null, "expired": false, "locked": false, "locked_at": null, "locked_by": null, "title": "IFRR abre seleção para programa de monitoria com bolsas de R$ 400,00", "draft_title": "IFRR abre seleção para programa de monitoria com bolsas de R$ 400,00", "slug": "article-1", "content_type": 30, "url_path": "/home/articles/article-1/", "owner": 1, "seo_title": "", "show_in_menus": false, "search_description": "", "latest_revision_created_at": "2025-08-10T20:58:55.932Z", "alias_of": null, "index_order_by": "", "custom_template": "", "body": "[{\"type\": \"text\", \"value\": \"<p data-block-key=\\\"tif00\\\">A monitoria ter\\u00e1 dura\\u00e7\\u00e3o de tr\\u00eas meses, com atividades realizadas exclusivamente durante o semestre letivo 2025.2</p>\", \"id\": \"ad1f1e6e-a315-43b7-84bc-a32cc3518ca5\"}, {\"type\": \"image\", \"value\": {\"settings\": {\"custom_template\": \"\", \"custom_css_class\": \"\", \"custom_id\": \"\"}, \"image\": 2}, \"id\": \"a558fcb9-00c0-40ce-b438-0e23913fb1b9\"}, {\"type\": \"text\", \"value\": \"<p data-block-key=\\\"5lcx8\\\">O Instituto Federal de Roraima (IFRR), por meio da Pr\\u00f3-Reitoria de Ensino (Proen), lan\\u00e7ou o <a href=\\\"https://www.ifrr.edu.br/seletivos/edital-72025-proenifrr-monitoria-2025/\\\">Edital 07/2025</a>, que regulamenta o Programa Institucional de Monitoria para o semestre letivo 2025.2. A iniciativa visa fortalecer o processo de ensino-aprendizagem por meio da atua\\u00e7\\u00e3o de estudantes com alto desempenho acad\\u00eamico em componentes curriculares com altos \\u00edndices de reprova\\u00e7\\u00e3o.</p><p data-block-key=\\\"89bvf\\\">Ao todo, est\\u00e3o sendo ofertadas 22 vagas, distribu\\u00eddas entre monitoria remunerada (R$ 400 mensais) e volunt\\u00e1ria, nos <i>Campi</i> Amajari, Bonfim, Boa Vista, Boa Vista Zona Oeste e Novo Para\\u00edso. A monitoria ter\\u00e1 dura\\u00e7\\u00e3o de tr\\u00eas meses, com atividades realizadas exclusivamente durante o semestre letivo 2025.2.</p><p data-block-key=\\\"a0mt0\\\">Podem se inscrever estudantes regularmente matriculados em cursos t\\u00e9cnicos ou de gradua\\u00e7\\u00e3o presenciais do IFRR que tenham m\\u00e9dia m\\u00ednima de 8 no componente curricular para o qual desejam concorrer e coeficiente geral tamb\\u00e9m igual ou superior a 8. \\u00c9 necess\\u00e1rio ainda ter disponibilidade de pelo menos dez horas semanais e n\\u00e3o estar vinculado a outro programa de bolsa no IFRR, salvo em caso de compatibilidade de carga hor\\u00e1ria.</p><p data-block-key=\\\"5gtl6\\\">Cada candidato poder\\u00e1 concorrer a apenas uma vaga no <i>campus</i> em que estiver matriculado. Os interessados estar\\u00e3o isentos de taxa de inscri\\u00e7\\u00e3o e dever\\u00e3o indicar o componente curricular desejado no momento da candidatura.</p><p data-block-key=\\\"as0ea\\\">A monitoria poder\\u00e1 ser desenvolvida na modalidade remunerada ou volunt\\u00e1ria, conforme a disponibilidade de vagas em cada unidade. Os monitores atuar\\u00e3o sob a orienta\\u00e7\\u00e3o de um docente, auxiliando os colegas nas atividades de refor\\u00e7o e apoio pedag\\u00f3gico, sem substituir o professor. As atividades n\\u00e3o poder\\u00e3o coincidir com o hor\\u00e1rio regular de aula do estudante-monitor. Ao final da experi\\u00eancia, ser\\u00e1 exigida a entrega de um relat\\u00f3rio final e o cumprimento de carga hor\\u00e1ria m\\u00ednima para a certifica\\u00e7\\u00e3o.</p><p data-block-key=\\\"djlpk\\\">Cada <i>campus</i> ser\\u00e1 respons\\u00e1vel por lan\\u00e7ar a pr\\u00f3pria chamada p\\u00fablica, definindo cronograma e crit\\u00e9rios espec\\u00edficos de sele\\u00e7\\u00e3o, que podem incluir an\\u00e1lise de hist\\u00f3rico escolar, prova, entrevista ou sorteio. A participa\\u00e7\\u00e3o anterior no programa de monitoria poder\\u00e1 ser considerada como crit\\u00e9rio adicional de pontua\\u00e7\\u00e3o.</p><p data-block-key=\\\"b04lr\\\"><b>Ascom/Reitoria</b></p><p data-block-key=\\\"43jjm\\\">8/8/25</p>\", \"id\": \"0b70dd87-30db-492d-bcff-813f80e5feb3\"}]", "caption": "Monitoria", "author": 1, "author_display": "", "date_display": null, "wagtail_admin_comments": [], "tagged_items": [], "classifier_terms": [6]}, "approved_go_live_at": null}}, {"model": "wagtailcore.revision", "pk": 23, "fields": {"content_type": 28, "base_content_type": 1, "object_id": "4", "created_at": "2025-08-10T21:24:38.287Z", "user": 1, "object_str": "Sobre", "content": {"pk": 4, "path": "000100010001", "depth": 3, "numchild": 0, "translation_key": "544873eb-8bb7-4f53-84d6-b5aca94aec73", "locale": 1, "latest_revision": 4, "live": true, "has_unpublished_changes": false, "first_published_at": "2025-08-03T00:16:07.217Z", "last_published_at": "2025-08-03T00:16:13.605Z", "live_revision": 4, "go_live_at": null, "expire_at": null, "expired": false, "locked": false, "locked_at": null, "locked_by": null, "title": "Sobre", "draft_title": "About", "slug": "about", "content_type": 28, "url_path": "/home/about/", "owner": 1, "seo_title": "", "show_in_menus": true, "search_description": "", "latest_revision_created_at": "2025-08-03T00:16:13.570Z", "alias_of": null, "index_order_by": "", "custom_template": "", "body": "[{\"type\": \"content\", \"value\": [{\"type\": \"text\", \"value\": \"<p data-block-key=\\\"km28q\\\"> </p><p data-block-key=\\\"a0eee\\\">Sobre o Design System</p><p data-block-key=\\\"dfr6d\\\">O Padr\\u00e3o Digital de Governo apresenta os padr\\u00f5es de interface que devem ser seguidos por designers e desenvolvedores para garantir a experi\\u00eancia \\u00fanica na intera\\u00e7\\u00e3o com os sistemas interativos.</p><p data-block-key=\\\"pidm\\\"><b>Por que unificar a experi\\u00eancia dos cidad\\u00e3os brasileiros quando est\\u00e3o em contato com o Governo por meio digital?</b></p><p data-block-key=\\\"7in2n\\\">A proposta surgiu a partir do sentimento comum acerca da necessidade de oferecer uma experi\\u00eancia \\u00fanica ao cidad\\u00e3o que se relaciona com o governo para acessar produtos e servi\\u00e7os p\\u00fablicos.</p><p data-block-key=\\\"a7ti7\\\">A iniciativa potencializa a efici\\u00eancia e a efic\\u00e1cia dos usu\\u00e1rios na utiliza\\u00e7\\u00e3o de interfaces para acesso aos servi\\u00e7os e aos sistemas de Governo, possibilitando uma \\u00fanica curva de aprendizado e garantindo a previsibilidade na utiliza\\u00e7\\u00e3o dos diferentes sistemas.</p><h3 data-block-key=\\\"44i8d\\\"><b>Hist\\u00f3rico</b></h3><p data-block-key=\\\"6qcb3\\\">O projeto atual se refere a uma evolu\\u00e7\\u00e3o do trabalho desenvolvido para a constru\\u00e7\\u00e3o da Identidade Digital de Governo (IDG) e da IDG de Servi\\u00e7os, iniciativas que buscavam padronizar os portais dos \\u00f3rg\\u00e3os p\\u00fablicos federais e alinhar as informa\\u00e7\\u00f5es para otimizar a comunica\\u00e7\\u00e3o e simplificar as interfaces de oferta de informa\\u00e7\\u00f5es para o cidad\\u00e3o.</p><p data-block-key=\\\"dnt2v\\\">O diferencial dessa vers\\u00e3o est\\u00e1 na possibilidade de realizar download de templates, c\\u00f3digos e componentes, propiciando o reaproveitamento de diferentes elementos necess\\u00e1rios ao desenvolvimento de interfaces. Com isso, amplia-se a efici\\u00eancia e a produtividade de desenvolvedores e designers, al\\u00e9m de facilitar o desenvolvimento alinhado \\u00e0 experi\\u00eancia \\u00fanica do cidad\\u00e3o.</p><p data-block-key=\\\"8bpnq\\\">Diante dessa vis\\u00e3o, o Governo desenvolveu um Design System que tem como objetivo guiar todos os respons\\u00e1veis pela constru\\u00e7\\u00e3o de interfaces interativas orientadas \\u00e0 experi\\u00eancia \\u00fanica do usu\\u00e1rio, considerando a acessibilidade e a usabilidade dos sistemas.</p><p data-block-key=\\\"9bqs7\\\">A iniciativa foi desenvolvida no \\u00e2mbito do Projeto de Unifica\\u00e7\\u00e3o de Canais Digitais do Governo, que envolveu a participa\\u00e7\\u00e3o da Secretaria de Governo Digital do Minist\\u00e9rio da Economia (<b>SGD</b>), a Secretaria Especial de Moderniza\\u00e7\\u00e3o do Estado (<b>SEME</b>), a Secretaria Especial de Comunica\\u00e7\\u00e3o Social da Presid\\u00eancia da Rep\\u00fablica (<b>SECOM</b>) e o Servi\\u00e7o Federal de Processamento de Dados (<b>SERPRO</b>).</p><h2 data-block-key=\\\"bf8t1\\\">Afinal, o que \\u00e9 Design System?</h2><p data-block-key=\\\"26mbe\\\"><i>Um Design System n\\u00e3o \\u00e9 um projeto, \\u00e9 um produto que serve produtos</i><br/><i>\\u2013</i> <i>[Natan curtis]</i></p><p data-block-key=\\\"55vdb\\\">Este \\u00e9 um documento vivo com diversos componentes e propriedades de um produto ou servi\\u00e7o para facilitar a comunica\\u00e7\\u00e3o com os diversos times.</p><p data-block-key=\\\"c6urd\\\">Isso beneficia tanto o resultado que se almeja alcan\\u00e7ar com o software como a comunica\\u00e7\\u00e3o, as pessoas, os neg\\u00f3cios e as empresas.</p><p data-block-key=\\\"461sr\\\">A ideia \\u00e9 que esse produto seja utilizado para consulta, para se tomar decis\\u00f5es, para novas features, novas interfaces e novas propriedades dos produtos do governo.</p><p data-block-key=\\\"41s3r\\\"><b>Aten\\u00e7\\u00e3o</b><br/>Este n\\u00e3o \\u00e9 um documento est\\u00e1tico, ele pode sofrer constantes mudan\\u00e7as e a ideia desse Design System \\u00e9 isso. Encaixar diversas formas sem perder consist\\u00eancia.</p><p data-block-key=\\\"ctrk5\\\">Voc\\u00ea j\\u00e1 est\\u00e1 entendendo que o Design System \\u00e9 o conjunto completo de padr\\u00f5es do projeto,<br/>documenta\\u00e7\\u00e3o e princ\\u00edpios. Utilizando o UI kit (kit de ferramentas de design) e o c\\u00f3digo para atingir<br/>esses padr\\u00f5es.</p><h2 data-block-key=\\\"21ei9\\\">O Design System</h2><p data-block-key=\\\"1ikri\\\"><i>Alguns elementos definidos para compor o Design System - Fam\\u00edlia Tipogr\\u00e1fica, Paleta de Cores, Padroniza\\u00e7\\u00e3o de Bot\\u00f5es e Logotipo.</i></p><p data-block-key=\\\"3er18\\\">Como Design System oficial de Governo, ele atende a uma ampla gama de designers e desenvolvedores que criam produtos e experi\\u00eancias digitais. Os objetivos do sistema incluem melhorar a consist\\u00eancia e a qualidade da interface, tornando o processo de design e desenvolvimento mais eficiente e focado, estabelecendo um vocabul\\u00e1rio compartilhado entre designer e desenvolvedor, fornecendo orienta\\u00e7\\u00e3o clara e identific\\u00e1vel sobre as melhores pr\\u00e1ticas de design e desenvolvimento.</p>\", \"id\": \"d374ede6-0bf0-4720-bb39-28c7a3ff91bf\"}], \"id\": \"976e5bf6-987a-4240-91b3-129caaa6710f\"}]", "wagtail_admin_comments": [], "tagged_items": [], "classifier_terms": []}, "approved_go_live_at": null}}, {"model": "wagtailcore.revision", "pk": 24, "fields": {"content_type": 28, "base_content_type": 1, "object_id": "3", "created_at": "2025-08-11T00:25:14.952Z", "user": 1, "object_str": "Home", "content": {"pk": 3, "path": "00010001", "depth": 2, "numchild": 2, "translation_key": "8420dfc1-5c51-4907-93a7-b7a9996c4336", "locale": 1, "latest_revision": 16, "live": true, "has_unpublished_changes": false, "first_published_at": "2025-08-03T00:13:36.506Z", "last_published_at": "2025-08-10T19:44:37.086Z", "live_revision": 16, "go_live_at": null, "expire_at": null, "expired": false, "locked": false, "locked_at": null, "locked_by": null, "title": "Home", "draft_title": "Home", "slug": "home", "content_type": 28, "url_path": "/home/", "owner": null, "seo_title": "", "show_in_menus": true, "search_description": "", "latest_revision_created_at": "2025-08-10T19:44:37.054Z", "alias_of": null, "index_order_by": "", "custom_template": "aratinga/pages/web_page.html", "body": "[{\"type\": \"section\", \"value\": [{\"type\": \"hero\", \"value\": {\"image\": 1, \"title\": \"Qual \\u00e9 o padr\\u00e3o m\\u00ednimo para aplica\\u00e7\\u00f5es de governo?\", \"text\": \"Aplica\\u00e7\\u00f5es de governo precisam estar corretamente adequadas ao Padr\\u00e3o Digital.\", \"cta\": \"Ver padr\\u00e3o m\\u00ednimo\", \"cta_link\": 3}, \"id\": \"2a7741e2-2f3e-45fc-a113-41ab3af1a10a\"}, {\"type\": \"featured_section\", \"value\": {\"title\": \"Articles\", \"section\": 5}, \"id\": \"66027019-c675-453d-a42c-a03145b6fb7f\"}, {\"type\": \"promo\", \"value\": {\"image\": 3, \"title\": \"Quem est\\u00e1 utilizando?\", \"text\": \"<p data-block-key=\\\"e1iih\\\"> <a href=\\\"https://forms.office.com/r/skcRJVX8ua\\\"><b>Adicione seu servi\\u00e7o</b></a> </p>\"}, \"id\": \"6eb4e180-4f55-47c9-9745-4b9a4d7ed46e\"}], \"id\": \"db1a5b21-f84a-4c76-b105-1643d55dfd29\"}]", "wagtail_admin_comments": [], "tagged_items": [], "classifier_terms": []}, "approved_go_live_at": null}}, {"model": "wagtailcore.revision", "pk": 25, "fields": {"content_type": 28, "base_content_type": 1, "object_id": "3", "created_at": "2025-08-11T00:37:57.038Z", "user": 1, "object_str": "Home", "content": {"pk": 3, "path": "00010001", "depth": 2, "numchild": 2, "translation_key": "8420dfc1-5c51-4907-93a7-b7a9996c4336", "locale": 1, "latest_revision": 24, "live": true, "has_unpublished_changes": false, "first_published_at": "2025-08-03T00:13:36.506Z", "last_published_at": "2025-08-11T00:25:14.995Z", "live_revision": 24, "go_live_at": null, "expire_at": null, "expired": false, "locked": false, "locked_at": null, "locked_by": null, "title": "Home", "draft_title": "Home", "slug": "home", "content_type": 28, "url_path": "/home/", "owner": null, "seo_title": "", "show_in_menus": true, "search_description": "", "latest_revision_created_at": "2025-08-11T00:25:14.952Z", "alias_of": null, "index_order_by": "", "custom_template": "aratinga/pages/web_page.html", "body": "[{\"type\": \"section\", \"value\": [{\"type\": \"hero\", \"value\": {\"image\": 1, \"title\": \"Qual \\u00e9 o padr\\u00e3o m\\u00ednimo para aplica\\u00e7\\u00f5es de governo?\", \"text\": \"Aplica\\u00e7\\u00f5es de governo precisam estar corretamente adequadas ao Padr\\u00e3o Digital.\", \"cta\": \"Ver padr\\u00e3o m\\u00ednimo\", \"cta_link\": 3}, \"id\": \"2a7741e2-2f3e-45fc-a113-41ab3af1a10a\"}, {\"type\": \"featured_section\", \"value\": {\"title\": \"Ultimas not\\u00edcias\", \"section\": 5}, \"id\": \"66027019-c675-453d-a42c-a03145b6fb7f\"}, {\"type\": \"promo\", \"value\": {\"image\": 3, \"title\": \"Quem est\\u00e1 utilizando?\", \"text\": \"<p data-block-key=\\\"e1iih\\\"><a href=\\\"https://forms.office.com/r/skcRJVX8ua\\\"><b>Adicione seu servi\\u00e7o</b></a></p>\"}, \"id\": \"6eb4e180-4f55-47c9-9745-4b9a4d7ed46e\"}], \"id\": \"db1a5b21-f84a-4c76-b105-1643d55dfd29\"}]", "wagtail_admin_comments": [], "tagged_items": [], "classifier_terms": []}, "approved_go_live_at": null}}, {"model": "wagtailcore.grouppagepermission", "pk": 1, "fields": {"group": 1, "page": 1, "permission": 33}}, {"model": "wagtailcore.grouppagepermission", "pk": 2, "fields": {"group": 1, "page": 1, "permission": 34}}, {"model": "wagtailcore.grouppagepermission", "pk": 3, "fields": {"group": 1, "page": 1, "permission": 39}}, {"model": "wagtailcore.grouppagepermission", "pk": 4, "fields": {"group": 2, "page": 1, "permission": 33}}, {"model": "wagtailcore.grouppagepermission", "pk": 5, "fields": {"group": 2, "page": 1, "permission": 34}}, {"model": "wagtailcore.grouppagepermission", "pk": 6, "fields": {"group": 1, "page": 1, "permission": 38}}, {"model": "wagtailcore.grouppagepermission", "pk": 7, "fields": {"group": 1, "page": 1, "permission": 40}}, {"model": "wagtailcore.workflowpage", "pk": 1, "fields": {"workflow": 1}}, {"model": "wagtailcore.workflowtask", "pk": 1, "fields": {"sort_order": 0, "workflow": 1, "task": 1}}, {"model": "wagtailcore.task", "pk": 1, "fields": {"name": "Moderators approval", "content_type": 2, "active": true}}, {"model": "wagtailcore.workflow", "pk": 1, "fields": {"name": "Moderators approval", "active": true}}, {"model": "wagtailcore.groupapprovaltask", "pk": 1, "fields": {"groups": [1]}}, {"model": "wagtailcore.pagelogentry", "pk": 1, "fields": {"content_type": 28, "label": "Home", "action": "wagtail.edit", "data": {}, "timestamp": "2025-08-03T00:13:36.493Z", "uuid": "3fac0b08-bcfb-4148-ab5c-a25e347951f0", "user": 1, "revision": 1, "content_changed": true, "deleted": false, "page": 3}}, {"model": "wagtailcore.pagelogentry", "pk": 2, "fields": {"content_type": 28, "label": "Home", "action": "wagtail.publish", "data": {}, "timestamp": "2025-08-03T00:13:36.544Z", "uuid": "3fac0b08-bcfb-4148-ab5c-a25e347951f0", "user": 1, "revision": 1, "content_changed": true, "deleted": false, "page": 3}}, {"model": "wagtailcore.pagelogentry", "pk": 3, "fields": {"content_type": 28, "label": "Home", "action": "wagtail.edit", "data": {}, "timestamp": "2025-08-03T00:15:54.298Z", "uuid": "b5242152-0706-4eb0-b724-2f674ba66ccd", "user": 1, "revision": 2, "content_changed": true, "deleted": false, "page": 3}}, {"model": "wagtailcore.pagelogentry", "pk": 4, "fields": {"content_type": 28, "label": "Home", "action": "wagtail.publish", "data": {}, "timestamp": "2025-08-03T00:15:54.342Z", "uuid": "b5242152-0706-4eb0-b724-2f674ba66ccd", "user": 1, "revision": 2, "content_changed": true, "deleted": false, "page": 3}}, {"model": "wagtailcore.pagelogentry", "pk": 5, "fields": {"content_type": 28, "label": "About", "action": "wagtail.create", "data": {}, "timestamp": "2025-08-03T00:16:07.139Z", "uuid": "74c610f6-c6a3-44ca-9f75-0d97802542d5", "user": 1, "revision": null, "content_changed": true, "deleted": false, "page": 4}}, {"model": "wagtailcore.pagelogentry", "pk": 6, "fields": {"content_type": 28, "label": "About", "action": "wagtail.edit", "data": {}, "timestamp": "2025-08-03T00:16:07.197Z", "uuid": "74c610f6-c6a3-44ca-9f75-0d97802542d5", "user": 1, "revision": 3, "content_changed": true, "deleted": false, "page": 4}}, {"model": "wagtailcore.pagelogentry", "pk": 7, "fields": {"content_type": 28, "label": "About", "action": "wagtail.publish", "data": {}, "timestamp": "2025-08-03T00:16:07.252Z", "uuid": "74c610f6-c6a3-44ca-9f75-0d97802542d5", "user": 1, "revision": 3, "content_changed": true, "deleted": false, "page": 4}}, {"model": "wagtailcore.pagelogentry", "pk": 8, "fields": {"content_type": 28, "label": "About", "action": "wagtail.edit", "data": {}, "timestamp": "2025-08-03T00:16:13.590Z", "uuid": "3b64d0f4-a2cf-4dcf-8119-620cf54cb8b4", "user": 1, "revision": 4, "content_changed": true, "deleted": false, "page": 4}}, {"model": "wagtailcore.pagelogentry", "pk": 9, "fields": {"content_type": 28, "label": "About", "action": "wagtail.publish", "data": {}, "timestamp": "2025-08-03T00:16:13.636Z", "uuid": "3b64d0f4-a2cf-4dcf-8119-620cf54cb8b4", "user": 1, "revision": 4, "content_changed": true, "deleted": false, "page": 4}}, {"model": "wagtailcore.pagelogentry", "pk": 10, "fields": {"content_type": 28, "label": "Home", "action": "wagtail.edit", "data": {}, "timestamp": "2025-08-10T18:24:43.928Z", "uuid": "5ed173cc-cf5b-40ef-8f1a-57cc6434e9fd", "user": 1, "revision": 5, "content_changed": true, "deleted": false, "page": 3}}, {"model": "wagtailcore.pagelogentry", "pk": 11, "fields": {"content_type": 28, "label": "Home", "action": "wagtail.publish", "data": {}, "timestamp": "2025-08-10T18:24:43.980Z", "uuid": "5ed173cc-cf5b-40ef-8f1a-57cc6434e9fd", "user": 1, "revision": 5, "content_changed": true, "deleted": false, "page": 3}}, {"model": "wagtailcore.pagelogentry", "pk": 12, "fields": {"content_type": 29, "label": "Articles", "action": "wagtail.create", "data": {}, "timestamp": "2025-08-10T18:25:24.370Z", "uuid": "b8232a4d-a353-4113-ad5e-d8b85c338849", "user": 1, "revision": null, "content_changed": true, "deleted": false, "page": 5}}, {"model": "wagtailcore.pagelogentry", "pk": 13, "fields": {"content_type": 29, "label": "Articles", "action": "wagtail.edit", "data": {}, "timestamp": "2025-08-10T18:25:24.409Z", "uuid": "b8232a4d-a353-4113-ad5e-d8b85c338849", "user": 1, "revision": 6, "content_changed": true, "deleted": false, "page": 5}}, {"model": "wagtailcore.pagelogentry", "pk": 14, "fields": {"content_type": 30, "label": "Article 1", "action": "wagtail.create", "data": {}, "timestamp": "2025-08-10T18:25:34.299Z", "uuid": "223a4989-ded2-46df-9b8d-aa4549bbb1ba", "user": 1, "revision": null, "content_changed": true, "deleted": false, "page": 6}}, {"model": "wagtailcore.pagelogentry", "pk": 15, "fields": {"content_type": 30, "label": "Article 1", "action": "wagtail.edit", "data": {}, "timestamp": "2025-08-10T18:25:34.337Z", "uuid": "223a4989-ded2-46df-9b8d-aa4549bbb1ba", "user": 1, "revision": 7, "content_changed": true, "deleted": false, "page": 6}}, {"model": "wagtailcore.pagelogentry", "pk": 16, "fields": {"content_type": 30, "label": "Article 1", "action": "wagtail.publish", "data": {}, "timestamp": "2025-08-10T18:25:34.376Z", "uuid": "223a4989-ded2-46df-9b8d-aa4549bbb1ba", "user": 1, "revision": 7, "content_changed": true, "deleted": false, "page": 6}}, {"model": "wagtailcore.pagelogentry", "pk": 17, "fields": {"content_type": 30, "label": "Article 2", "action": "wagtail.create", "data": {}, "timestamp": "2025-08-10T18:25:47.428Z", "uuid": "a375f4f8-b8c1-4f57-956e-9ab2e0c1ecbd", "user": 1, "revision": null, "content_changed": true, "deleted": false, "page": 7}}, {"model": "wagtailcore.pagelogentry", "pk": 18, "fields": {"content_type": 30, "label": "Article 2", "action": "wagtail.edit", "data": {}, "timestamp": "2025-08-10T18:25:47.466Z", "uuid": "a375f4f8-b8c1-4f57-956e-9ab2e0c1ecbd", "user": 1, "revision": 8, "content_changed": true, "deleted": false, "page": 7}}, {"model": "wagtailcore.pagelogentry", "pk": 19, "fields": {"content_type": 30, "label": "Article 2", "action": "wagtail.publish", "data": {}, "timestamp": "2025-08-10T18:25:47.509Z", "uuid": "a375f4f8-b8c1-4f57-956e-9ab2e0c1ecbd", "user": 1, "revision": 8, "content_changed": true, "deleted": false, "page": 7}}, {"model": "wagtailcore.pagelogentry", "pk": 20, "fields": {"content_type": 30, "label": "Article 3", "action": "wagtail.create", "data": {}, "timestamp": "2025-08-10T18:25:56.730Z", "uuid": "30fcfd80-80d9-44f6-b321-cfee89614d1c", "user": 1, "revision": null, "content_changed": true, "deleted": false, "page": 8}}, {"model": "wagtailcore.pagelogentry", "pk": 21, "fields": {"content_type": 30, "label": "Article 3", "action": "wagtail.edit", "data": {}, "timestamp": "2025-08-10T18:25:56.775Z", "uuid": "30fcfd80-80d9-44f6-b321-cfee89614d1c", "user": 1, "revision": 9, "content_changed": true, "deleted": false, "page": 8}}, {"model": "wagtailcore.pagelogentry", "pk": 22, "fields": {"content_type": 30, "label": "Article 3", "action": "wagtail.publish", "data": {}, "timestamp": "2025-08-10T18:25:56.819Z", "uuid": "30fcfd80-80d9-44f6-b321-cfee89614d1c", "user": 1, "revision": 9, "content_changed": true, "deleted": false, "page": 8}}, {"model": "wagtailcore.pagelogentry", "pk": 23, "fields": {"content_type": 28, "label": "Home", "action": "wagtail.edit", "data": {}, "timestamp": "2025-08-10T18:26:19.675Z", "uuid": "ebc53b63-3a1b-4973-982a-34c418a7d9e5", "user": 1, "revision": 10, "content_changed": true, "deleted": false, "page": 3}}, {"model": "wagtailcore.pagelogentry", "pk": 24, "fields": {"content_type": 28, "label": "Home", "action": "wagtail.publish", "data": {}, "timestamp": "2025-08-10T18:26:19.725Z", "uuid": "ebc53b63-3a1b-4973-982a-34c418a7d9e5", "user": 1, "revision": 10, "content_changed": true, "deleted": false, "page": 3}}, {"model": "wagtailcore.pagelogentry", "pk": 25, "fields": {"content_type": 30, "label": "Article 1", "action": "wagtail.edit", "data": {}, "timestamp": "2025-08-10T18:28:45.838Z", "uuid": "d6ff51a1-dc75-4501-9bf9-e78c66e81321", "user": 1, "revision": 11, "content_changed": true, "deleted": false, "page": 6}}, {"model": "wagtailcore.pagelogentry", "pk": 26, "fields": {"content_type": 30, "label": "Article 1", "action": "wagtail.publish", "data": {}, "timestamp": "2025-08-10T18:28:45.879Z", "uuid": "d6ff51a1-dc75-4501-9bf9-e78c66e81321", "user": 1, "revision": 11, "content_changed": true, "deleted": false, "page": 6}}, {"model": "wagtailcore.pagelogentry", "pk": 27, "fields": {"content_type": 29, "label": "Articles", "action": "wagtail.edit", "data": {}, "timestamp": "2025-08-10T18:29:52.069Z", "uuid": "ef2e73a7-4dbf-47af-a5ff-1cea399b5b21", "user": 1, "revision": 12, "content_changed": true, "deleted": false, "page": 5}}, {"model": "wagtailcore.pagelogentry", "pk": 28, "fields": {"content_type": 29, "label": "Articles", "action": "wagtail.publish", "data": {}, "timestamp": "2025-08-10T18:29:52.111Z", "uuid": "ef2e73a7-4dbf-47af-a5ff-1cea399b5b21", "user": 1, "revision": 12, "content_changed": true, "deleted": false, "page": 5}}, {"model": "wagtailcore.pagelogentry", "pk": 29, "fields": {"content_type": 28, "label": "Home", "action": "wagtail.edit", "data": {}, "timestamp": "2025-08-10T19:27:20.643Z", "uuid": "83dcfe24-0380-47cb-ad69-390ac28ded49", "user": 1, "revision": 13, "content_changed": true, "deleted": false, "page": 3}}, {"model": "wagtailcore.pagelogentry", "pk": 30, "fields": {"content_type": 28, "label": "Home", "action": "wagtail.edit", "data": {}, "timestamp": "2025-08-10T19:27:24.279Z", "uuid": "1dd4c9dc-f5d9-4c5b-bed3-59084d5cdd5a", "user": 1, "revision": 14, "content_changed": true, "deleted": false, "page": 3}}, {"model": "wagtailcore.pagelogentry", "pk": 31, "fields": {"content_type": 28, "label": "Home", "action": "wagtail.publish", "data": {}, "timestamp": "2025-08-10T19:27:24.334Z", "uuid": "1dd4c9dc-f5d9-4c5b-bed3-59084d5cdd5a", "user": 1, "revision": 14, "content_changed": false, "deleted": false, "page": 3}}, {"model": "wagtailcore.pagelogentry", "pk": 32, "fields": {"content_type": 28, "label": "Home", "action": "wagtail.edit", "data": {}, "timestamp": "2025-08-10T19:43:09.063Z", "uuid": "7670f673-c2f0-4640-a490-7efca97425ff", "user": 1, "revision": 15, "content_changed": true, "deleted": false, "page": 3}}, {"model": "wagtailcore.pagelogentry", "pk": 33, "fields": {"content_type": 28, "label": "Home", "action": "wagtail.publish", "data": {}, "timestamp": "2025-08-10T19:43:09.102Z", "uuid": "7670f673-c2f0-4640-a490-7efca97425ff", "user": 1, "revision": 15, "content_changed": true, "deleted": false, "page": 3}}, {"model": "wagtailcore.pagelogentry", "pk": 34, "fields": {"content_type": 28, "label": "Home", "action": "wagtail.edit", "data": {}, "timestamp": "2025-08-10T19:44:37.074Z", "uuid": "713caf08-e711-4a43-88ee-47f701c928c4", "user": 1, "revision": 16, "content_changed": true, "deleted": false, "page": 3}}, {"model": "wagtailcore.pagelogentry", "pk": 35, "fields": {"content_type": 28, "label": "Home", "action": "wagtail.publish", "data": {}, "timestamp": "2025-08-10T19:44:37.112Z", "uuid": "713caf08-e711-4a43-88ee-47f701c928c4", "user": 1, "revision": 16, "content_changed": false, "deleted": false, "page": 3}}, {"model": "wagtailcore.pagelogentry", "pk": 36, "fields": {"content_type": 30, "label": "Article 3", "action": "wagtail.edit", "data": {}, "timestamp": "2025-08-10T20:28:09.498Z", "uuid": "2a044879-3384-4d1a-8ae8-b9b8b0aeeb9a", "user": 1, "revision": 17, "content_changed": true, "deleted": false, "page": 8}}, {"model": "wagtailcore.pagelogentry", "pk": 37, "fields": {"content_type": 30, "label": "Article 3", "action": "wagtail.publish", "data": {}, "timestamp": "2025-08-10T20:28:09.538Z", "uuid": "2a044879-3384-4d1a-8ae8-b9b8b0aeeb9a", "user": 1, "revision": 17, "content_changed": true, "deleted": false, "page": 8}}, {"model": "wagtailcore.pagelogentry", "pk": 38, "fields": {"content_type": 30, "label": "Article 2", "action": "wagtail.edit", "data": {}, "timestamp": "2025-08-10T20:28:26.571Z", "uuid": "fd399889-40df-41a3-9301-106a9ea5e0bd", "user": 1, "revision": 18, "content_changed": true, "deleted": false, "page": 7}}, {"model": "wagtailcore.pagelogentry", "pk": 39, "fields": {"content_type": 30, "label": "Article 2", "action": "wagtail.publish", "data": {}, "timestamp": "2025-08-10T20:28:26.612Z", "uuid": "fd399889-40df-41a3-9301-106a9ea5e0bd", "user": 1, "revision": 18, "content_changed": true, "deleted": false, "page": 7}}, {"model": "wagtailcore.pagelogentry", "pk": 40, "fields": {"content_type": 30, "label": "Article 1", "action": "wagtail.edit", "data": {}, "timestamp": "2025-08-10T20:31:12.223Z", "uuid": "02285db6-8c5b-4954-8834-7349e54e855c", "user": 1, "revision": 19, "content_changed": true, "deleted": false, "page": 6}}, {"model": "wagtailcore.pagelogentry", "pk": 41, "fields": {"content_type": 30, "label": "Article 1", "action": "wagtail.publish", "data": {}, "timestamp": "2025-08-10T20:31:12.256Z", "uuid": "02285db6-8c5b-4954-8834-7349e54e855c", "user": 1, "revision": 19, "content_changed": true, "deleted": false, "page": 6}}, {"model": "wagtailcore.pagelogentry", "pk": 42, "fields": {"content_type": 29, "label": "Articles", "action": "wagtail.edit", "data": {}, "timestamp": "2025-08-10T20:57:38.656Z", "uuid": "bc7c3186-3ac2-4f09-8495-822255700940", "user": 1, "revision": 20, "content_changed": true, "deleted": false, "page": 5}}, {"model": "wagtailcore.pagelogentry", "pk": 43, "fields": {"content_type": 29, "label": "Ultimas notícias", "action": "wagtail.rename", "data": {"title": {"old": "Articles", "new": "Ultimas notícias"}}, "timestamp": "2025-08-10T20:57:38.692Z", "uuid": "bc7c3186-3ac2-4f09-8495-822255700940", "user": 1, "revision": 20, "content_changed": false, "deleted": false, "page": 5}}, {"model": "wagtailcore.pagelogentry", "pk": 44, "fields": {"content_type": 29, "label": "Ultimas notícias", "action": "wagtail.publish", "data": {"title": {"old": "Articles", "new": "Ultimas notícias"}}, "timestamp": "2025-08-10T20:57:38.697Z", "uuid": "bc7c3186-3ac2-4f09-8495-822255700940", "user": 1, "revision": 20, "content_changed": true, "deleted": false, "page": 5}}, {"model": "wagtailcore.pagelogentry", "pk": 45, "fields": {"content_type": 30, "label": "Article 1", "action": "wagtail.edit", "data": {}, "timestamp": "2025-08-10T20:58:55.951Z", "uuid": "c815807a-155d-4b60-bff3-311f2e09e703", "user": 1, "revision": 21, "content_changed": true, "deleted": false, "page": 6}}, {"model": "wagtailcore.pagelogentry", "pk": 46, "fields": {"content_type": 30, "label": "IFRR abre seleção para programa de monitoria com bolsas de R$ 400,00", "action": "wagtail.rename", "data": {"title": {"old": "Article 1", "new": "IFRR abre seleção para programa de monitoria com bolsas de R$ 400,00"}}, "timestamp": "2025-08-10T20:58:55.998Z", "uuid": "c815807a-155d-4b60-bff3-311f2e09e703", "user": 1, "revision": 21, "content_changed": false, "deleted": false, "page": 6}}, {"model": "wagtailcore.pagelogentry", "pk": 47, "fields": {"content_type": 30, "label": "IFRR abre seleção para programa de monitoria com bolsas de R$ 400,00", "action": "wagtail.publish", "data": {"title": {"old": "Article 1", "new": "IFRR abre seleção para programa de monitoria com bolsas de R$ 400,00"}}, "timestamp": "2025-08-10T20:58:56.004Z", "uuid": "c815807a-155d-4b60-bff3-311f2e09e703", "user": 1, "revision": 21, "content_changed": true, "deleted": false, "page": 6}}, {"model": "wagtailcore.pagelogentry", "pk": 48, "fields": {"content_type": 30, "label": "IFRR abre seleção para programa de monitoria com bolsas de R$ 400,00", "action": "wagtail.edit", "data": {}, "timestamp": "2025-08-10T21:01:59.901Z", "uuid": "b0c65f32-74f4-4c98-83a3-2f095fd5597f", "user": 1, "revision": 22, "content_changed": true, "deleted": false, "page": 6}}, {"model": "wagtailcore.pagelogentry", "pk": 49, "fields": {"content_type": 30, "label": "IFRR abre seleção para programa de monitoria com bolsas de R$ 400,00", "action": "wagtail.publish", "data": {}, "timestamp": "2025-08-10T21:01:59.942Z", "uuid": "b0c65f32-74f4-4c98-83a3-2f095fd5597f", "user": 1, "revision": 22, "content_changed": true, "deleted": false, "page": 6}}, {"model": "wagtailcore.pagelogentry", "pk": 50, "fields": {"content_type": 28, "label": "About", "action": "wagtail.edit", "data": {}, "timestamp": "2025-08-10T21:24:38.307Z", "uuid": "7845affc-f617-4867-ba94-833965e96644", "user": 1, "revision": 23, "content_changed": true, "deleted": false, "page": 4}}, {"model": "wagtailcore.pagelogentry", "pk": 51, "fields": {"content_type": 28, "label": "Sobre", "action": "wagtail.rename", "data": {"title": {"old": "About", "new": "Sobre"}}, "timestamp": "2025-08-10T21:24:38.351Z", "uuid": "7845affc-f617-4867-ba94-833965e96644", "user": 1, "revision": 23, "content_changed": false, "deleted": false, "page": 4}}, {"model": "wagtailcore.pagelogentry", "pk": 52, "fields": {"content_type": 28, "label": "Sobre", "action": "wagtail.publish", "data": {"title": {"old": "About", "new": "Sobre"}}, "timestamp": "2025-08-10T21:24:38.357Z", "uuid": "7845affc-f617-4867-ba94-833965e96644", "user": 1, "revision": 23, "content_changed": true, "deleted": false, "page": 4}}, {"model": "wagtailcore.pagelogentry", "pk": 53, "fields": {"content_type": 28, "label": "Home", "action": "wagtail.edit", "data": {}, "timestamp": "2025-08-11T00:25:14.980Z", "uuid": "01098bcf-32b8-4773-9fe8-940d9a1835b4", "user": 1, "revision": 24, "content_changed": true, "deleted": false, "page": 3}}, {"model": "wagtailcore.pagelogentry", "pk": 54, "fields": {"content_type": 28, "label": "Home", "action": "wagtail.publish", "data": {}, "timestamp": "2025-08-11T00:25:15.036Z", "uuid": "01098bcf-32b8-4773-9fe8-940d9a1835b4", "user": 1, "revision": 24, "content_changed": true, "deleted": false, "page": 3}}, {"model": "wagtailcore.pagelogentry", "pk": 55, "fields": {"content_type": 28, "label": "Home", "action": "wagtail.edit", "data": {}, "timestamp": "2025-08-11T00:37:57.062Z", "uuid": "e558d7f7-a092-4900-952b-73858df246d5", "user": 1, "revision": 25, "content_changed": true, "deleted": false, "page": 3}}, {"model": "wagtailcore.pagelogentry", "pk": 56, "fields": {"content_type": 28, "label": "Home", "action": "wagtail.publish", "data": {}, "timestamp": "2025-08-11T00:37:57.105Z", "uuid": "e558d7f7-a092-4900-952b-73858df246d5", "user": 1, "revision": 25, "content_changed": true, "deleted": false, "page": 3}}, {"model": "wagtailcore.pagesubscription", "pk": 1, "fields": {"user": 1, "page": 3, "comment_notifications": false}}, {"model": "wagtailcore.pagesubscription", "pk": 2, "fields": {"user": 1, "page": 4, "comment_notifications": true}}, {"model": "wagtailcore.pagesubscription", "pk": 3, "fields": {"user": 1, "page": 5, "comment_notifications": true}}, {"model": "wagtailcore.pagesubscription", "pk": 4, "fields": {"user": 1, "page": 6, "comment_notifications": true}}, {"model": "wagtailcore.pagesubscription", "pk": 5, "fields": {"user": 1, "page": 7, "comment_notifications": true}}, {"model": "wagtailcore.pagesubscription", "pk": 6, "fields": {"user": 1, "page": 8, "comment_notifications": true}}, {"model": "auth.permission", "pk": 1, "fields": {"name": "Can add locale", "content_type": 3, "codename": "add_locale"}}, {"model": "auth.permission", "pk": 2, "fields": {"name": "Can change locale", "content_type": 3, "codename": "change_locale"}}, {"model": "auth.permission", "pk": 3, "fields": {"name": "Can delete locale", "content_type": 3, "codename": "delete_locale"}}, {"model": "auth.permission", "pk": 4, "fields": {"name": "Can view locale", "content_type": 3, "codename": "view_locale"}}, {"model": "auth.permission", "pk": 5, "fields": {"name": "Can add site", "content_type": 4, "codename": "add_site"}}, {"model": "auth.permission", "pk": 6, "fields": {"name": "Can change site", "content_type": 4, "codename": "change_site"}}, {"model": "auth.permission", "pk": 7, "fields": {"name": "Can delete site", "content_type": 4, "codename": "delete_site"}}, {"model": "auth.permission", "pk": 8, "fields": {"name": "Can view site", "content_type": 4, "codename": "view_site"}}, {"model": "auth.permission", "pk": 9, "fields": {"name": "Can add model log entry", "content_type": 5, "codename": "add_modellogentry"}}, {"model": "auth.permission", "pk": 10, "fields": {"name": "Can change model log entry", "content_type": 5, "codename": "change_modellogentry"}}, {"model": "auth.permission", "pk": 11, "fields": {"name": "Can delete model log entry", "content_type": 5, "codename": "delete_modellogentry"}}, {"model": "auth.permission", "pk": 12, "fields": {"name": "Can view model log entry", "content_type": 5, "codename": "view_modellogentry"}}, {"model": "auth.permission", "pk": 13, "fields": {"name": "Can add collection view restriction", "content_type": 6, "codename": "add_collectionviewrestriction"}}, {"model": "auth.permission", "pk": 14, "fields": {"name": "Can change collection view restriction", "content_type": 6, "codename": "change_collectionviewrestriction"}}, {"model": "auth.permission", "pk": 15, "fields": {"name": "Can delete collection view restriction", "content_type": 6, "codename": "delete_collectionviewrestriction"}}, {"model": "auth.permission", "pk": 16, "fields": {"name": "Can view collection view restriction", "content_type": 6, "codename": "view_collectionviewrestriction"}}, {"model": "auth.permission", "pk": 17, "fields": {"name": "Can add collection", "content_type": 7, "codename": "add_collection"}}, {"model": "auth.permission", "pk": 18, "fields": {"name": "Can change collection", "content_type": 7, "codename": "change_collection"}}, {"model": "auth.permission", "pk": 19, "fields": {"name": "Can delete collection", "content_type": 7, "codename": "delete_collection"}}, {"model": "auth.permission", "pk": 20, "fields": {"name": "Can view collection", "content_type": 7, "codename": "view_collection"}}, {"model": "auth.permission", "pk": 21, "fields": {"name": "Can add group collection permission", "content_type": 8, "codename": "add_groupcollectionpermission"}}, {"model": "auth.permission", "pk": 22, "fields": {"name": "Can change group collection permission", "content_type": 8, "codename": "change_groupcollectionpermission"}}, {"model": "auth.permission", "pk": 23, "fields": {"name": "Can delete group collection permission", "content_type": 8, "codename": "delete_groupcollectionpermission"}}, {"model": "auth.permission", "pk": 24, "fields": {"name": "Can view group collection permission", "content_type": 8, "codename": "view_groupcollectionpermission"}}, {"model": "auth.permission", "pk": 25, "fields": {"name": "Can add uploaded file", "content_type": 9, "codename": "add_uploadedfile"}}, {"model": "auth.permission", "pk": 26, "fields": {"name": "Can change uploaded file", "content_type": 9, "codename": "change_uploadedfile"}}, {"model": "auth.permission", "pk": 27, "fields": {"name": "Can delete uploaded file", "content_type": 9, "codename": "delete_uploadedfile"}}, {"model": "auth.permission", "pk": 28, "fields": {"name": "Can view uploaded file", "content_type": 9, "codename": "view_uploadedfile"}}, {"model": "auth.permission", "pk": 29, "fields": {"name": "Can add reference index", "content_type": 10, "codename": "add_referenceindex"}}, {"model": "auth.permission", "pk": 30, "fields": {"name": "Can change reference index", "content_type": 10, "codename": "change_referenceindex"}}, {"model": "auth.permission", "pk": 31, "fields": {"name": "Can delete reference index", "content_type": 10, "codename": "delete_referenceindex"}}, {"model": "auth.permission", "pk": 32, "fields": {"name": "Can view reference index", "content_type": 10, "codename": "view_referenceindex"}}, {"model": "auth.permission", "pk": 33, "fields": {"name": "Can add page", "content_type": 1, "codename": "add_page"}}, {"model": "auth.permission", "pk": 34, "fields": {"name": "Can change page", "content_type": 1, "codename": "change_page"}}, {"model": "auth.permission", "pk": 35, "fields": {"name": "Can delete page", "content_type": 1, "codename": "delete_page"}}, {"model": "auth.permission", "pk": 36, "fields": {"name": "Can view page", "content_type": 1, "codename": "view_page"}}, {"model": "auth.permission", "pk": 37, "fields": {"name": "Delete pages with children", "content_type": 1, "codename": "bulk_delete_page"}}, {"model": "auth.permission", "pk": 38, "fields": {"name": "Lock/unlock pages you've locked", "content_type": 1, "codename": "lock_page"}}, {"model": "auth.permission", "pk": 39, "fields": {"name": "Publish any page", "content_type": 1, "codename": "publish_page"}}, {"model": "auth.permission", "pk": 40, "fields": {"name": "Unlock any page", "content_type": 1, "codename": "unlock_page"}}, {"model": "auth.permission", "pk": 41, "fields": {"name": "Can add revision", "content_type": 11, "codename": "add_revision"}}, {"model": "auth.permission", "pk": 42, "fields": {"name": "Can change revision", "content_type": 11, "codename": "change_revision"}}, {"model": "auth.permission", "pk": 43, "fields": {"name": "Can delete revision", "content_type": 11, "codename": "delete_revision"}}, {"model": "auth.permission", "pk": 44, "fields": {"name": "Can view revision", "content_type": 11, "codename": "view_revision"}}, {"model": "auth.permission", "pk": 45, "fields": {"name": "Can add group page permission", "content_type": 12, "codename": "add_grouppagepermission"}}, {"model": "auth.permission", "pk": 46, "fields": {"name": "Can change group page permission", "content_type": 12, "codename": "change_grouppagepermission"}}, {"model": "auth.permission", "pk": 47, "fields": {"name": "Can delete group page permission", "content_type": 12, "codename": "delete_grouppagepermission"}}, {"model": "auth.permission", "pk": 48, "fields": {"name": "Can view group page permission", "content_type": 12, "codename": "view_grouppagepermission"}}, {"model": "auth.permission", "pk": 49, "fields": {"name": "Can add page view restriction", "content_type": 13, "codename": "add_pageviewrestriction"}}, {"model": "auth.permission", "pk": 50, "fields": {"name": "Can change page view restriction", "content_type": 13, "codename": "change_pageviewrestriction"}}, {"model": "auth.permission", "pk": 51, "fields": {"name": "Can delete page view restriction", "content_type": 13, "codename": "delete_pageviewrestriction"}}, {"model": "auth.permission", "pk": 52, "fields": {"name": "Can view page view restriction", "content_type": 13, "codename": "view_pageviewrestriction"}}, {"model": "auth.permission", "pk": 53, "fields": {"name": "Can add workflow page", "content_type": 14, "codename": "add_workflowpage"}}, {"model": "auth.permission", "pk": 54, "fields": {"name": "Can change workflow page", "content_type": 14, "codename": "change_workflowpage"}}, {"model": "auth.permission", "pk": 55, "fields": {"name": "Can delete workflow page", "content_type": 14, "codename": "delete_workflowpage"}}, {"model": "auth.permission", "pk": 56, "fields": {"name": "Can view workflow page", "content_type": 14, "codename": "view_workflowpage"}}, {"model": "auth.permission", "pk": 57, "fields": {"name": "Can add workflow content type", "content_type": 15, "codename": "add_workflowcontenttype"}}, {"model": "auth.permission", "pk": 58, "fields": {"name": "Can change workflow content type", "content_type": 15, "codename": "change_workflowcontenttype"}}, {"model": "auth.permission", "pk": 59, "fields": {"name": "Can delete workflow content type", "content_type": 15, "codename": "delete_workflowcontenttype"}}, {"model": "auth.permission", "pk": 60, "fields": {"name": "Can view workflow content type", "content_type": 15, "codename": "view_workflowcontenttype"}}, {"model": "auth.permission", "pk": 61, "fields": {"name": "Can add workflow task order", "content_type": 16, "codename": "add_workflowtask"}}, {"model": "auth.permission", "pk": 62, "fields": {"name": "Can change workflow task order", "content_type": 16, "codename": "change_workflowtask"}}, {"model": "auth.permission", "pk": 63, "fields": {"name": "Can delete workflow task order", "content_type": 16, "codename": "delete_workflowtask"}}, {"model": "auth.permission", "pk": 64, "fields": {"name": "Can view workflow task order", "content_type": 16, "codename": "view_workflowtask"}}, {"model": "auth.permission", "pk": 65, "fields": {"name": "Can add task", "content_type": 17, "codename": "add_task"}}, {"model": "auth.permission", "pk": 66, "fields": {"name": "Can change task", "content_type": 17, "codename": "change_task"}}, {"model": "auth.permission", "pk": 67, "fields": {"name": "Can delete task", "content_type": 17, "codename": "delete_task"}}, {"model": "auth.permission", "pk": 68, "fields": {"name": "Can view task", "content_type": 17, "codename": "view_task"}}, {"model": "auth.permission", "pk": 69, "fields": {"name": "Can add workflow", "content_type": 18, "codename": "add_workflow"}}, {"model": "auth.permission", "pk": 70, "fields": {"name": "Can change workflow", "content_type": 18, "codename": "change_workflow"}}, {"model": "auth.permission", "pk": 71, "fields": {"name": "Can delete workflow", "content_type": 18, "codename": "delete_workflow"}}, {"model": "auth.permission", "pk": 72, "fields": {"name": "Can view workflow", "content_type": 18, "codename": "view_workflow"}}, {"model": "auth.permission", "pk": 73, "fields": {"name": "Can add Group approval task", "content_type": 2, "codename": "add_groupapprovaltask"}}, {"model": "auth.permission", "pk": 74, "fields": {"name": "Can change Group approval task", "content_type": 2, "codename": "change_groupapprovaltask"}}, {"model": "auth.permission", "pk": 75, "fields": {"name": "Can delete Group approval task", "content_type": 2, "codename": "delete_groupapprovaltask"}}, {"model": "auth.permission", "pk": 76, "fields": {"name": "Can view Group approval task", "content_type": 2, "codename": "view_groupapprovaltask"}}, {"model": "auth.permission", "pk": 77, "fields": {"name": "Can add Workflow state", "content_type": 19, "codename": "add_workflowstate"}}, {"model": "auth.permission", "pk": 78, "fields": {"name": "Can change Workflow state", "content_type": 19, "codename": "change_workflowstate"}}, {"model": "auth.permission", "pk": 79, "fields": {"name": "Can delete Workflow state", "content_type": 19, "codename": "delete_workflowstate"}}, {"model": "auth.permission", "pk": 80, "fields": {"name": "Can view Workflow state", "content_type": 19, "codename": "view_workflowstate"}}, {"model": "auth.permission", "pk": 81, "fields": {"name": "Can add Task state", "content_type": 20, "codename": "add_taskstate"}}, {"model": "auth.permission", "pk": 82, "fields": {"name": "Can change Task state", "content_type": 20, "codename": "change_taskstate"}}, {"model": "auth.permission", "pk": 83, "fields": {"name": "Can delete Task state", "content_type": 20, "codename": "delete_taskstate"}}, {"model": "auth.permission", "pk": 84, "fields": {"name": "Can view Task state", "content_type": 20, "codename": "view_taskstate"}}, {"model": "auth.permission", "pk": 85, "fields": {"name": "Can add page log entry", "content_type": 21, "codename": "add_pagelogentry"}}, {"model": "auth.permission", "pk": 86, "fields": {"name": "Can change page log entry", "content_type": 21, "codename": "change_pagelogentry"}}, {"model": "auth.permission", "pk": 87, "fields": {"name": "Can delete page log entry", "content_type": 21, "codename": "delete_pagelogentry"}}, {"model": "auth.permission", "pk": 88, "fields": {"name": "Can view page log entry", "content_type": 21, "codename": "view_pagelogentry"}}, {"model": "auth.permission", "pk": 89, "fields": {"name": "Can add comment", "content_type": 22, "codename": "add_comment"}}, {"model": "auth.permission", "pk": 90, "fields": {"name": "Can change comment", "content_type": 22, "codename": "change_comment"}}, {"model": "auth.permission", "pk": 91, "fields": {"name": "Can delete comment", "content_type": 22, "codename": "delete_comment"}}, {"model": "auth.permission", "pk": 92, "fields": {"name": "Can view comment", "content_type": 22, "codename": "view_comment"}}, {"model": "auth.permission", "pk": 93, "fields": {"name": "Can add comment reply", "content_type": 23, "codename": "add_commentreply"}}, {"model": "auth.permission", "pk": 94, "fields": {"name": "Can change comment reply", "content_type": 23, "codename": "change_commentreply"}}, {"model": "auth.permission", "pk": 95, "fields": {"name": "Can delete comment reply", "content_type": 23, "codename": "delete_commentreply"}}, {"model": "auth.permission", "pk": 96, "fields": {"name": "Can view comment reply", "content_type": 23, "codename": "view_commentreply"}}, {"model": "auth.permission", "pk": 97, "fields": {"name": "Can add page subscription", "content_type": 24, "codename": "add_pagesubscription"}}, {"model": "auth.permission", "pk": 98, "fields": {"name": "Can change page subscription", "content_type": 24, "codename": "change_pagesubscription"}}, {"model": "auth.permission", "pk": 99, "fields": {"name": "Can delete page subscription", "content_type": 24, "codename": "delete_pagesubscription"}}, {"model": "auth.permission", "pk": 100, "fields": {"name": "Can view page subscription", "content_type": 24, "codename": "view_pagesubscription"}}, {"model": "auth.permission", "pk": 101, "fields": {"name": "Can add image", "content_type": 25, "codename": "add_image"}}, {"model": "auth.permission", "pk": 102, "fields": {"name": "Can change image", "content_type": 25, "codename": "change_image"}}, {"model": "auth.permission", "pk": 103, "fields": {"name": "Can delete image", "content_type": 25, "codename": "delete_image"}}, {"model": "auth.permission", "pk": 104, "fields": {"name": "Can access Wagtail admin", "content_type": 26, "codename": "access_admin"}}, {"model": "auth.permission", "pk": 105, "fields": {"name": "Can choose image", "content_type": 25, "codename": "choose_image"}}, {"model": "auth.permission", "pk": 106, "fields": {"name": "Can add document", "content_type": 27, "codename": "add_document"}}, {"model": "auth.permission", "pk": 107, "fields": {"name": "Can change document", "content_type": 27, "codename": "change_document"}}, {"model": "auth.permission", "pk": 108, "fields": {"name": "Can delete document", "content_type": 27, "codename": "delete_document"}}, {"model": "auth.permission", "pk": 109, "fields": {"name": "Can choose document", "content_type": 27, "codename": "choose_document"}}, {"model": "auth.permission", "pk": 110, "fields": {"name": "Can add Article Landing Page", "content_type": 29, "codename": "add_articleindexpage"}}, {"model": "auth.permission", "pk": 111, "fields": {"name": "Can change Article Landing Page", "content_type": 29, "codename": "change_articleindexpage"}}, {"model": "auth.permission", "pk": 112, "fields": {"name": "Can delete Article Landing Page", "content_type": 29, "codename": "delete_articleindexpage"}}, {"model": "auth.permission", "pk": 113, "fields": {"name": "Can view Article Landing Page", "content_type": 29, "codename": "view_articleindexpage"}}, {"model": "auth.permission", "pk": 114, "fields": {"name": "Can add Web Page", "content_type": 28, "codename": "add_webpage"}}, {"model": "auth.permission", "pk": 115, "fields": {"name": "Can change Web Page", "content_type": 28, "codename": "change_webpage"}}, {"model": "auth.permission", "pk": 116, "fields": {"name": "Can delete Web Page", "content_type": 28, "codename": "delete_webpage"}}, {"model": "auth.permission", "pk": 117, "fields": {"name": "Can view Web Page", "content_type": 28, "codename": "view_webpage"}}, {"model": "auth.permission", "pk": 118, "fields": {"name": "Can add Article", "content_type": 30, "codename": "add_articlepage"}}, {"model": "auth.permission", "pk": 119, "fields": {"name": "Can change Article", "content_type": 30, "codename": "change_articlepage"}}, {"model": "auth.permission", "pk": 120, "fields": {"name": "Can delete Article", "content_type": 30, "codename": "delete_articlepage"}}, {"model": "auth.permission", "pk": 121, "fields": {"name": "Can view Article", "content_type": 30, "codename": "view_articlepage"}}, {"model": "auth.permission", "pk": 122, "fields": {"name": "Can add Aratinga Page", "content_type": 31, "codename": "add_aratingapage"}}, {"model": "auth.permission", "pk": 123, "fields": {"name": "Can change Aratinga Page", "content_type": 31, "codename": "change_aratingapage"}}, {"model": "auth.permission", "pk": 124, "fields": {"name": "Can delete Aratinga Page", "content_type": 31, "codename": "delete_aratingapage"}}, {"model": "auth.permission", "pk": 125, "fields": {"name": "Can view Aratinga Page", "content_type": 31, "codename": "view_aratingapage"}}, {"model": "auth.permission", "pk": 126, "fields": {"name": "Can add Aratinga Tag", "content_type": 32, "codename": "add_aratingatag"}}, {"model": "auth.permission", "pk": 127, "fields": {"name": "Can change Aratinga Tag", "content_type": 32, "codename": "change_aratingatag"}}, {"model": "auth.permission", "pk": 128, "fields": {"name": "Can delete Aratinga Tag", "content_type": 32, "codename": "delete_aratingatag"}}, {"model": "auth.permission", "pk": 129, "fields": {"name": "Can view Aratinga Tag", "content_type": 32, "codename": "view_aratingatag"}}, {"model": "auth.permission", "pk": 130, "fields": {"name": "Can add generic settings", "content_type": 33, "codename": "add_genericsettings"}}, {"model": "auth.permission", "pk": 131, "fields": {"name": "Can change generic settings", "content_type": 33, "codename": "change_genericsettings"}}, {"model": "auth.permission", "pk": 132, "fields": {"name": "Can delete generic settings", "content_type": 33, "codename": "delete_genericsettings"}}, {"model": "auth.permission", "pk": 133, "fields": {"name": "Can view generic settings", "content_type": 33, "codename": "view_genericsettings"}}, {"model": "auth.permission", "pk": 134, "fields": {"name": "Can add CMS Settings", "content_type": 34, "codename": "add_sitesettings"}}, {"model": "auth.permission", "pk": 135, "fields": {"name": "Can change CMS Settings", "content_type": 34, "codename": "change_sitesettings"}}, {"model": "auth.permission", "pk": 136, "fields": {"name": "Can delete CMS Settings", "content_type": 34, "codename": "delete_sitesettings"}}, {"model": "auth.permission", "pk": 137, "fields": {"name": "Can view CMS Settings", "content_type": 34, "codename": "view_sitesettings"}}, {"model": "auth.permission", "pk": 138, "fields": {"name": "Can add Carousel", "content_type": 35, "codename": "add_carousel"}}, {"model": "auth.permission", "pk": 139, "fields": {"name": "Can change Carousel", "content_type": 35, "codename": "change_carousel"}}, {"model": "auth.permission", "pk": 140, "fields": {"name": "Can delete Carousel", "content_type": 35, "codename": "delete_carousel"}}, {"model": "auth.permission", "pk": 141, "fields": {"name": "Can view Carousel", "content_type": 35, "codename": "view_carousel"}}, {"model": "auth.permission", "pk": 142, "fields": {"name": "Can add Classifier", "content_type": 36, "codename": "add_classifier"}}, {"model": "auth.permission", "pk": 143, "fields": {"name": "Can change Classifier", "content_type": 36, "codename": "change_classifier"}}, {"model": "auth.permission", "pk": 144, "fields": {"name": "Can delete Classifier", "content_type": 36, "codename": "delete_classifier"}}, {"model": "auth.permission", "pk": 145, "fields": {"name": "Can view Classifier", "content_type": 36, "codename": "view_classifier"}}, {"model": "auth.permission", "pk": 146, "fields": {"name": "Can add Carousel Slide", "content_type": 37, "codename": "add_carouselslide"}}, {"model": "auth.permission", "pk": 147, "fields": {"name": "Can change Carousel Slide", "content_type": 37, "codename": "change_carouselslide"}}, {"model": "auth.permission", "pk": 148, "fields": {"name": "Can delete Carousel Slide", "content_type": 37, "codename": "delete_carouselslide"}}, {"model": "auth.permission", "pk": 149, "fields": {"name": "Can view Carousel Slide", "content_type": 37, "codename": "view_carouselslide"}}, {"model": "auth.permission", "pk": 150, "fields": {"name": "Can add Classifier Term", "content_type": 38, "codename": "add_classifierterm"}}, {"model": "auth.permission", "pk": 151, "fields": {"name": "Can change Classifier Term", "content_type": 38, "codename": "change_classifierterm"}}, {"model": "auth.permission", "pk": 152, "fields": {"name": "Can delete Classifier Term", "content_type": 38, "codename": "delete_classifierterm"}}, {"model": "auth.permission", "pk": 153, "fields": {"name": "Can view Classifier Term", "content_type": 38, "codename": "view_classifierterm"}}, {"model": "auth.permission", "pk": 154, "fields": {"name": "Can add Template", "content_type": 39, "codename": "add_template"}}, {"model": "auth.permission", "pk": 155, "fields": {"name": "Can change Template", "content_type": 39, "codename": "change_template"}}, {"model": "auth.permission", "pk": 156, "fields": {"name": "Can delete Template", "content_type": 39, "codename": "delete_template"}}, {"model": "auth.permission", "pk": 157, "fields": {"name": "Can view Template", "content_type": 39, "codename": "view_template"}}, {"model": "auth.permission", "pk": 158, "fields": {"name": "Can add Template Page", "content_type": 40, "codename": "add_templatepage"}}, {"model": "auth.permission", "pk": 159, "fields": {"name": "Can change Template Page", "content_type": 40, "codename": "change_templatepage"}}, {"model": "auth.permission", "pk": 160, "fields": {"name": "Can delete Template Page", "content_type": 40, "codename": "delete_templatepage"}}, {"model": "auth.permission", "pk": 161, "fields": {"name": "Can view Template Page", "content_type": 40, "codename": "view_templatepage"}}, {"model": "auth.permission", "pk": 162, "fields": {"name": "Can add theme", "content_type": 41, "codename": "add_theme"}}, {"model": "auth.permission", "pk": 163, "fields": {"name": "Can change theme", "content_type": 41, "codename": "change_theme"}}, {"model": "auth.permission", "pk": 164, "fields": {"name": "Can delete theme", "content_type": 41, "codename": "delete_theme"}}, {"model": "auth.permission", "pk": 165, "fields": {"name": "Can view theme", "content_type": 41, "codename": "view_theme"}}, {"model": "auth.permission", "pk": 166, "fields": {"name": "Can add themes", "content_type": 42, "codename": "add_themesettings"}}, {"model": "auth.permission", "pk": 167, "fields": {"name": "Can change themes", "content_type": 42, "codename": "change_themesettings"}}, {"model": "auth.permission", "pk": 168, "fields": {"name": "Can delete themes", "content_type": 42, "codename": "delete_themesettings"}}, {"model": "auth.permission", "pk": 169, "fields": {"name": "Can view themes", "content_type": 42, "codename": "view_themesettings"}}, {"model": "auth.permission", "pk": 170, "fields": {"name": "Can add tag", "content_type": 43, "codename": "add_tag"}}, {"model": "auth.permission", "pk": 171, "fields": {"name": "Can change tag", "content_type": 43, "codename": "change_tag"}}, {"model": "auth.permission", "pk": 172, "fields": {"name": "Can delete tag", "content_type": 43, "codename": "delete_tag"}}, {"model": "auth.permission", "pk": 173, "fields": {"name": "Can view tag", "content_type": 43, "codename": "view_tag"}}, {"model": "auth.permission", "pk": 174, "fields": {"name": "Can add tagged item", "content_type": 44, "codename": "add_taggeditem"}}, {"model": "auth.permission", "pk": 175, "fields": {"name": "Can change tagged item", "content_type": 44, "codename": "change_taggeditem"}}, {"model": "auth.permission", "pk": 176, "fields": {"name": "Can delete tagged item", "content_type": 44, "codename": "delete_taggeditem"}}, {"model": "auth.permission", "pk": 177, "fields": {"name": "Can view tagged item", "content_type": 44, "codename": "view_taggeditem"}}, {"model": "auth.permission", "pk": 178, "fields": {"name": "Can add form submission", "content_type": 45, "codename": "add_formsubmission"}}, {"model": "auth.permission", "pk": 179, "fields": {"name": "Can change form submission", "content_type": 45, "codename": "change_formsubmission"}}, {"model": "auth.permission", "pk": 180, "fields": {"name": "Can delete form submission", "content_type": 45, "codename": "delete_formsubmission"}}, {"model": "auth.permission", "pk": 181, "fields": {"name": "Can view form submission", "content_type": 45, "codename": "view_formsubmission"}}, {"model": "auth.permission", "pk": 182, "fields": {"name": "Can add redirect", "content_type": 46, "codename": "add_redirect"}}, {"model": "auth.permission", "pk": 183, "fields": {"name": "Can change redirect", "content_type": 46, "codename": "change_redirect"}}, {"model": "auth.permission", "pk": 184, "fields": {"name": "Can delete redirect", "content_type": 46, "codename": "delete_redirect"}}, {"model": "auth.permission", "pk": 185, "fields": {"name": "Can view redirect", "content_type": 46, "codename": "view_redirect"}}, {"model": "auth.permission", "pk": 186, "fields": {"name": "Can add embed", "content_type": 47, "codename": "add_embed"}}, {"model": "auth.permission", "pk": 187, "fields": {"name": "Can change embed", "content_type": 47, "codename": "change_embed"}}, {"model": "auth.permission", "pk": 188, "fields": {"name": "Can delete embed", "content_type": 47, "codename": "delete_embed"}}, {"model": "auth.permission", "pk": 189, "fields": {"name": "Can view embed", "content_type": 47, "codename": "view_embed"}}, {"model": "auth.permission", "pk": 190, "fields": {"name": "Can add user profile", "content_type": 48, "codename": "add_userprofile"}}, {"model": "auth.permission", "pk": 191, "fields": {"name": "Can change user profile", "content_type": 48, "codename": "change_userprofile"}}, {"model": "auth.permission", "pk": 192, "fields": {"name": "Can delete user profile", "content_type": 48, "codename": "delete_userprofile"}}, {"model": "auth.permission", "pk": 193, "fields": {"name": "Can view user profile", "content_type": 48, "codename": "view_userprofile"}}, {"model": "auth.permission", "pk": 194, "fields": {"name": "Can view document", "content_type": 27, "codename": "view_document"}}, {"model": "auth.permission", "pk": 195, "fields": {"name": "Can view image", "content_type": 25, "codename": "view_image"}}, {"model": "auth.permission", "pk": 196, "fields": {"name": "Can add rendition", "content_type": 49, "codename": "add_rendition"}}, {"model": "auth.permission", "pk": 197, "fields": {"name": "Can change rendition", "content_type": 49, "codename": "change_rendition"}}, {"model": "auth.permission", "pk": 198, "fields": {"name": "Can delete rendition", "content_type": 49, "codename": "delete_rendition"}}, {"model": "auth.permission", "pk": 199, "fields": {"name": "Can view rendition", "content_type": 49, "codename": "view_rendition"}}, {"model": "auth.permission", "pk": 200, "fields": {"name": "Can add index entry", "content_type": 50, "codename": "add_indexentry"}}, {"model": "auth.permission", "pk": 201, "fields": {"name": "Can change index entry", "content_type": 50, "codename": "change_indexentry"}}, {"model": "auth.permission", "pk": 202, "fields": {"name": "Can delete index entry", "content_type": 50, "codename": "delete_indexentry"}}, {"model": "auth.permission", "pk": 203, "fields": {"name": "Can view index entry", "content_type": 50, "codename": "view_indexentry"}}, {"model": "auth.permission", "pk": 204, "fields": {"name": "Can add sqliteftsindexentry", "content_type": 51, "codename": "add_sqliteftsindexentry"}}, {"model": "auth.permission", "pk": 205, "fields": {"name": "Can change sqliteftsindexentry", "content_type": 51, "codename": "change_sqliteftsindexentry"}}, {"model": "auth.permission", "pk": 206, "fields": {"name": "Can delete sqliteftsindexentry", "content_type": 51, "codename": "delete_sqliteftsindexentry"}}, {"model": "auth.permission", "pk": 207, "fields": {"name": "Can view sqliteftsindexentry", "content_type": 51, "codename": "view_sqliteftsindexentry"}}, {"model": "auth.permission", "pk": 208, "fields": {"name": "Can add editing session", "content_type": 52, "codename": "add_editingsession"}}, {"model": "auth.permission", "pk": 209, "fields": {"name": "Can change editing session", "content_type": 52, "codename": "change_editingsession"}}, {"model": "auth.permission", "pk": 210, "fields": {"name": "Can delete editing session", "content_type": 52, "codename": "delete_editingsession"}}, {"model": "auth.permission", "pk": 211, "fields": {"name": "Can view editing session", "content_type": 52, "codename": "view_editingsession"}}, {"model": "auth.permission", "pk": 212, "fields": {"name": "Can add log entry", "content_type": 53, "codename": "add_logentry"}}, {"model": "auth.permission", "pk": 213, "fields": {"name": "Can change log entry", "content_type": 53, "codename": "change_logentry"}}, {"model": "auth.permission", "pk": 214, "fields": {"name": "Can delete log entry", "content_type": 53, "codename": "delete_logentry"}}, {"model": "auth.permission", "pk": 215, "fields": {"name": "Can view log entry", "content_type": 53, "codename": "view_logentry"}}, {"model": "auth.permission", "pk": 216, "fields": {"name": "Can add permission", "content_type": 54, "codename": "add_permission"}}, {"model": "auth.permission", "pk": 217, "fields": {"name": "Can change permission", "content_type": 54, "codename": "change_permission"}}, {"model": "auth.permission", "pk": 218, "fields": {"name": "Can delete permission", "content_type": 54, "codename": "delete_permission"}}, {"model": "auth.permission", "pk": 219, "fields": {"name": "Can view permission", "content_type": 54, "codename": "view_permission"}}, {"model": "auth.permission", "pk": 220, "fields": {"name": "Can add group", "content_type": 55, "codename": "add_group"}}, {"model": "auth.permission", "pk": 221, "fields": {"name": "Can change group", "content_type": 55, "codename": "change_group"}}, {"model": "auth.permission", "pk": 222, "fields": {"name": "Can delete group", "content_type": 55, "codename": "delete_group"}}, {"model": "auth.permission", "pk": 223, "fields": {"name": "Can view group", "content_type": 55, "codename": "view_group"}}, {"model": "auth.permission", "pk": 224, "fields": {"name": "Can add user", "content_type": 56, "codename": "add_user"}}, {"model": "auth.permission", "pk": 225, "fields": {"name": "Can change user", "content_type": 56, "codename": "change_user"}}, {"model": "auth.permission", "pk": 226, "fields": {"name": "Can delete user", "content_type": 56, "codename": "delete_user"}}, {"model": "auth.permission", "pk": 227, "fields": {"name": "Can view user", "content_type": 56, "codename": "view_user"}}, {"model": "auth.permission", "pk": 228, "fields": {"name": "Can add content type", "content_type": 57, "codename": "add_contenttype"}}, {"model": "auth.permission", "pk": 229, "fields": {"name": "Can change content type", "content_type": 57, "codename": "change_contenttype"}}, {"model": "auth.permission", "pk": 230, "fields": {"name": "Can delete content type", "content_type": 57, "codename": "delete_contenttype"}}, {"model": "auth.permission", "pk": 231, "fields": {"name": "Can view content type", "content_type": 57, "codename": "view_contenttype"}}, {"model": "auth.permission", "pk": 232, "fields": {"name": "Can add session", "content_type": 58, "codename": "add_session"}}, {"model": "auth.permission", "pk": 233, "fields": {"name": "Can change session", "content_type": 58, "codename": "change_session"}}, {"model": "auth.permission", "pk": 234, "fields": {"name": "Can delete session", "content_type": 58, "codename": "delete_session"}}, {"model": "auth.permission", "pk": 235, "fields": {"name": "Can view session", "content_type": 58, "codename": "view_session"}}, {"model": "auth.permission", "pk": 236, "fields": {"name": "Can add document", "content_type": 59, "codename": "add_customdocument"}}, {"model": "auth.permission", "pk": 237, "fields": {"name": "Can change document", "content_type": 59, "codename": "change_customdocument"}}, {"model": "auth.permission", "pk": 238, "fields": {"name": "Can delete document", "content_type": 59, "codename": "delete_customdocument"}}, {"model": "auth.permission", "pk": 239, "fields": {"name": "Can view document", "content_type": 59, "codename": "view_customdocument"}}, {"model": "auth.permission", "pk": 240, "fields": {"name": "Can add Lista de Documentos", "content_type": 60, "codename": "add_documentindexpage"}}, {"model": "auth.permission", "pk": 241, "fields": {"name": "Can change Lista de Documentos", "content_type": 60, "codename": "change_documentindexpage"}}, {"model": "auth.permission", "pk": 242, "fields": {"name": "Can delete Lista de Documentos", "content_type": 60, "codename": "delete_documentindexpage"}}, {"model": "auth.permission", "pk": 243, "fields": {"name": "Can view Lista de Documentos", "content_type": 60, "codename": "view_documentindexpage"}}, {"model": "auth.permission", "pk": 244, "fields": {"name": "Can add query", "content_type": 61, "codename": "add_query"}}, {"model": "auth.permission", "pk": 245, "fields": {"name": "Can change query", "content_type": 61, "codename": "change_query"}}, {"model": "auth.permission", "pk": 246, "fields": {"name": "Can delete query", "content_type": 61, "codename": "delete_query"}}, {"model": "auth.permission", "pk": 247, "fields": {"name": "Can view query", "content_type": 61, "codename": "view_query"}}, {"model": "auth.permission", "pk": 248, "fields": {"name": "Can add search promotion", "content_type": 62, "codename": "add_searchpromotion"}}, {"model": "auth.permission", "pk": 249, "fields": {"name": "Can change search promotion", "content_type": 62, "codename": "change_searchpromotion"}}, {"model": "auth.permission", "pk": 250, "fields": {"name": "Can delete search promotion", "content_type": 62, "codename": "delete_searchpromotion"}}, {"model": "auth.permission", "pk": 251, "fields": {"name": "Can view search promotion", "content_type": 62, "codename": "view_searchpromotion"}}, {"model": "auth.permission", "pk": 252, "fields": {"name": "Can add Query Daily Hits", "content_type": 63, "codename": "add_querydailyhits"}}, {"model": "auth.permission", "pk": 253, "fields": {"name": "Can change Query Daily Hits", "content_type": 63, "codename": "change_querydailyhits"}}, {"model": "auth.permission", "pk": 254, "fields": {"name": "Can delete Query Daily Hits", "content_type": 63, "codename": "delete_querydailyhits"}}, {"model": "auth.permission", "pk": 255, "fields": {"name": "Can view Query Daily Hits", "content_type": 63, "codename": "view_querydailyhits"}}, {"model": "auth.group", "pk": 1, "fields": {"name": "Moderators", "permissions": [104, 106, 107, 109, 108, 101, 102, 105, 103]}}, {"model": "auth.group", "pk": 2, "fields": {"name": "Editors", "permissions": [104, 106, 107, 109, 108, 101, 102, 105, 103]}}, {"model": "auth.user", "pk": 1, "fields": {"password": "pbkdf2_sha256$1000000$XsqQ6mX8CY8Elo5I5R8Ost$SMCeaGE65wkNzE7OgXa7SvLx1JHCLP4wpI1POPvPUDw=", "last_login": "2025-08-10T18:24:11.792Z", "is_superuser": true, "username": "admin", "first_name": "", "last_name": "", "email": "", "is_staff": true, "is_active": true, "date_joined": "2025-04-24T18:27:08.342Z", "groups": [], "user_permissions": []}}, {"model": "contenttypes.contenttype", "pk": 1, "fields": {"app_label": "wagtailcore", "model": "page"}}, {"model": "contenttypes.contenttype", "pk": 2, "fields": {"app_label": "wagtailcore", "model": "groupapprovaltask"}}, {"model": "contenttypes.contenttype", "pk": 3, "fields": {"app_label": "wagtailcore", "model": "locale"}}, {"model": "contenttypes.contenttype", "pk": 4, "fields": {"app_label": "wagtailcore", "model": "site"}}, {"model": "contenttypes.contenttype", "pk": 5, "fields": {"app_label": "wagtailcore", "model": "modellogentry"}}, {"model": "contenttypes.contenttype", "pk": 6, "fields": {"app_label": "wagtailcore", "model": "collectionviewrestriction"}}, {"model": "contenttypes.contenttype", "pk": 7, "fields": {"app_label": "wagtailcore", "model": "collection"}}, {"model": "contenttypes.contenttype", "pk": 8, "fields": {"app_label": "wagtailcore", "model": "groupcollectionpermission"}}, {"model": "contenttypes.contenttype", "pk": 9, "fields": {"app_label": "wagtailcore", "model": "uploadedfile"}}, {"model": "contenttypes.contenttype", "pk": 10, "fields": {"app_label": "wagtailcore", "model": "referenceindex"}}, {"model": "contenttypes.contenttype", "pk": 11, "fields": {"app_label": "wagtailcore", "model": "revision"}}, {"model": "contenttypes.contenttype", "pk": 12, "fields": {"app_label": "wagtailcore", "model": "grouppagepermission"}}, {"model": "contenttypes.contenttype", "pk": 13, "fields": {"app_label": "wagtailcore", "model": "pageviewrestriction"}}, {"model": "contenttypes.contenttype", "pk": 14, "fields": {"app_label": "wagtailcore", "model": "workflowpage"}}, {"model": "contenttypes.contenttype", "pk": 15, "fields": {"app_label": "wagtailcore", "model": "workflowcontenttype"}}, {"model": "contenttypes.contenttype", "pk": 16, "fields": {"app_label": "wagtailcore", "model": "workflowtask"}}, {"model": "contenttypes.contenttype", "pk": 17, "fields": {"app_label": "wagtailcore", "model": "task"}}, {"model": "contenttypes.contenttype", "pk": 18, "fields": {"app_label": "wagtailcore", "model": "workflow"}}, {"model": "contenttypes.contenttype", "pk": 19, "fields": {"app_label": "wagtailcore", "model": "workflowstate"}}, {"model": "contenttypes.contenttype", "pk": 20, "fields": {"app_label": "wagtailcore", "model": "taskstate"}}, {"model": "contenttypes.contenttype", "pk": 21, "fields": {"app_label": "wagtailcore", "model": "pagelogentry"}}, {"model": "contenttypes.contenttype", "pk": 22, "fields": {"app_label": "wagtailcore", "model": "comment"}}, {"model": "contenttypes.contenttype", "pk": 23, "fields": {"app_label": "wagtailcore", "model": "commentreply"}}, {"model": "contenttypes.contenttype", "pk": 24, "fields": {"app_label": "wagtailcore", "model": "pagesubscription"}}, {"model": "contenttypes.contenttype", "pk": 25, "fields": {"app_label": "wagtailimages", "model": "image"}}, {"model": "contenttypes.contenttype", "pk": 26, "fields": {"app_label": "wagtailadmin", "model": "admin"}}, {"model": "contenttypes.contenttype", "pk": 27, "fields": {"app_label": "wagtaildocs", "model": "document"}}, {"model": "contenttypes.contenttype", "pk": 28, "fields": {"app_label": "website", "model": "webpage"}}, {"model": "contenttypes.contenttype", "pk": 29, "fields": {"app_label": "website", "model": "articleindexpage"}}, {"model": "contenttypes.contenttype", "pk": 30, "fields": {"app_label": "website", "model": "articlepage"}}, {"model": "contenttypes.contenttype", "pk": 31, "fields": {"app_label": "aratinga", "model": "aratingapage"}}, {"model": "contenttypes.contenttype", "pk": 32, "fields": {"app_label": "aratinga", "model": "aratingatag"}}, {"model": "contenttypes.contenttype", "pk": 33, "fields": {"app_label": "aratinga", "model": "genericsettings"}}, {"model": "contenttypes.contenttype", "pk": 34, "fields": {"app_label": "aratinga", "model": "sitesettings"}}, {"model": "contenttypes.contenttype", "pk": 35, "fields": {"app_label": "aratinga", "model": "carousel"}}, {"model": "contenttypes.contenttype", "pk": 36, "fields": {"app_label": "aratinga", "model": "classifier"}}, {"model": "contenttypes.contenttype", "pk": 37, "fields": {"app_label": "aratinga", "model": "carouselslide"}}, {"model": "contenttypes.contenttype", "pk": 38, "fields": {"app_label": "aratinga", "model": "classifierterm"}}, {"model": "contenttypes.contenttype", "pk": 39, "fields": {"app_label": "aratinga", "model": "template"}}, {"model": "contenttypes.contenttype", "pk": 40, "fields": {"app_label": "aratinga", "model": "templatepage"}}, {"model": "contenttypes.contenttype", "pk": 41, "fields": {"app_label": "aratingaadmin", "model": "theme"}}, {"model": "contenttypes.contenttype", "pk": 42, "fields": {"app_label": "aratingaadmin", "model": "themesettings"}}, {"model": "contenttypes.contenttype", "pk": 43, "fields": {"app_label": "taggit", "model": "tag"}}, {"model": "contenttypes.contenttype", "pk": 44, "fields": {"app_label": "taggit", "model": "taggeditem"}}, {"model": "contenttypes.contenttype", "pk": 45, "fields": {"app_label": "wagtailforms", "model": "formsubmission"}}, {"model": "contenttypes.contenttype", "pk": 46, "fields": {"app_label": "wagtailredirects", "model": "redirect"}}, {"model": "contenttypes.contenttype", "pk": 47, "fields": {"app_label": "wagtailembeds", "model": "embed"}}, {"model": "contenttypes.contenttype", "pk": 48, "fields": {"app_label": "wagtailusers", "model": "userprofile"}}, {"model": "contenttypes.contenttype", "pk": 49, "fields": {"app_label": "wagtailimages", "model": "rendition"}}, {"model": "contenttypes.contenttype", "pk": 50, "fields": {"app_label": "wagtailsearch", "model": "indexentry"}}, {"model": "contenttypes.contenttype", "pk": 51, "fields": {"app_label": "wagtailsearch", "model": "sqliteftsindexentry"}}, {"model": "contenttypes.contenttype", "pk": 52, "fields": {"app_label": "wagtailadmin", "model": "editingsession"}}, {"model": "contenttypes.contenttype", "pk": 53, "fields": {"app_label": "admin", "model": "logentry"}}, {"model": "contenttypes.contenttype", "pk": 54, "fields": {"app_label": "auth", "model": "permission"}}, {"model": "contenttypes.contenttype", "pk": 55, "fields": {"app_label": "auth", "model": "group"}}, {"model": "contenttypes.contenttype", "pk": 56, "fields": {"app_label": "auth", "model": "user"}}, {"model": "contenttypes.contenttype", "pk": 57, "fields": {"app_label": "contenttypes", "model": "contenttype"}}, {"model": "contenttypes.contenttype", "pk": 58, "fields": {"app_label": "sessions", "model": "session"}}, {"model": "contenttypes.contenttype", "pk": 59, "fields": {"app_label": "documents", "model": "customdocument"}}, {"model": "contenttypes.contenttype", "pk": 60, "fields": {"app_label": "documents", "model": "documentindexpage"}}, {"model": "contenttypes.contenttype", "pk": 61, "fields": {"app_label": "wagtailcore", "model": "query"}}, {"model": "contenttypes.contenttype", "pk": 62, "fields": {"app_label": "wagtailcore", "model": "searchpromotion"}}, {"model": "contenttypes.contenttype", "pk": 63, "fields": {"app_label": "wagtailcore", "model": "querydailyhits"}}, {"model": "sessions.session", "pk": "68qv4azs6o4r1e3d1j46kclexfmxwwp2", "fields": {"session_data": ".eJzVWWtv2zgW_S8Bki8cGXpaUgF_sPOYepp327TpYhBQIqUwkUSFpGwni_3ve0lJju3YnekC05kFkkai-LiPc8-9l_333h1u1P1dI6m4Y2Tv3Z6z98vqWILTR1rpD-QBVzkfpLxSgiUDPWXQfZWDM05oMenmrm1wj-W93jYdRk7iBYFHkiSNiUuIGw0dL4njmITUiV2cBa4TwizPx3EcecMoSXGQEhsHLk31ppJKyXh1Rxc1E8977-xf9uY4V5gVVi3ojNG55e29-9deKkVWMkIKOseCKg5CjYZl_LJIzybj97iZVL68vXZ_Ldyz8eXtQi2Ie7ho5mXoZ8_vr_OYzEk9Lz98XZw506A5mxx9wccHFV2o0YFiqqCj97ykBwknz1bKm0qNnPbFtsAIVFEy6t-5IFSM7P5VPdd0JGmqQIt-jJERSRwcJK5jZZGPLT8Nh1bi2IHlDH2PBAHJiBv302e4aGh3rLs--Pb4fnxDjH7YiHNPBd_8ADK5OAx9h7qWm3nU8oMstbDjeJbv4MTDmYMdG28ua_-yEuf01STrH1v7XTW4QPuH3v44RhzVmAjz4nFUmoejipV6XGCE64Kl2IyG-t9JQCUiFOV8RkXF972THQdpd42_vxgBalImcYmoVFiglAuACy5ppSjChD41mGCJMEeXKyIesZwpXAy2n5sqPLqhYpdSOxfdFax6HHnr350dHnU6jzqbw8ajGcWqEZTcbSCtnwTeHQ5tN7Sd2EqHYQDe9YiFfRdcbHuOHyTDLAmzzWWrDhwLxdKCyu1zunNHwYHCuRwdyKLJR_c6ZiTld-0O8IhFen9HqEwFq838A3nP53esugMPNHLEq71fnDDwoyCMAnvg-UHsOr-_jflgV8x7n4vqS1g-h2XztSBXl4fTC5EPbXx57Po-U07jTvH82-WMzseHX8tvZ5jMp_IqYwG-T7Ez8dZi_nOhANkSVVy17kwZlqsK4t4m_6OS8dDzBpHv-8Noi5JzmkimqNWdUkOM7VY8iCf5l2R6enj8ML4-uxxWR-QrDI1PHxdOcNV8mt_fenMvmf52UWfq5ta7iW5oUcymztVZnLwc3qwp3vkaeauMZx-kuNNHUz0X_d87wmRd4OfRAcGKvr69NZTl_YGlesPYXuAPYsf3_OEWwwx3GcGJru3Zr95UKO-rbSdJCeT6NTiP8HR8c1m_cJnT8-B5fvJ8FB8exo_R56MzEV-6-RO9BIO8f1ozwvTk-hrhRFAkISJfGUWHt-GpWvBc4BJreil5xRQXDAOjlCjhhcSGdq73XR_5tr3vHtr2qjW9H8kfmtlWkgcmTubQISDDcyCUvSS0Ij-BUPbcNPUCJ4Ikuhamo_1wsu-6ScHTRwkP-954P5i0g4_0uRtxXcUyLaoL0uo3OHX5abyioqItzzmINAKvWwZ0Vu3XsUQlhfwNmxmjYMVmjADHSiQoLtiLYVq6SItGsllHwXpD_ZeD0WG1AuuDediMI9d2g4H7KhzYZSlcU0n1XFCy_Epore7bz3Y7wipgW_pRT7uGooaumCE4aqeAAEw97_oK2MbdKNgtPNI_6yvPcL0xoXXCJqVvUHlH4SaH9iPayUEQZWkSW7ad2pZvp9RKfC-ybOp6seNliZPE_fSeg5ViVS6ttJGKl3eKlhCIio6-Py2V8i4tsJR_MI-RjQlt1u8qEndDSbdTcvl5A8iu1tFOQpuQKLQ8mySWH7vEStIss6AgzCKbBhlNvH76DwE5KNJFtB3IF2gKaGGqURydUBAR6hIdqFxgUAjtu5EO_H031rituQAQM4A1RpcG1hPPuqZdHMCy40oyqCpg1aXgtOqWFbhqo4I3gORjoosHZIf77olGsZ7x1FCIgrwpDO4xzLrs2aQTLwU-bEU7WwaeoZ1doTFAY8QqBjkKBjGaQZWDMi7gaJpCdaJLH55COW1ilBq5LQyUWhEIxZyWa8pCOfE2sOHQhujwlG1AF0oPgzQ1re45wikmbeSXLOUIdoRZNa9ou6IRgqWgsFhZLlFXJxGWtnWaoCDmbP3swc-PeoMonmUQBO1g3J1R0CrvD3H8dmyJPHuVFLYRBnx4g9UoTmbZDtLlSHHCNWDA9r0nJLiMI55R8K2mUNdFM5xjQ7SQfHWr1rRmNQRbaaS8kregZVMB6onBep-fwPGVxAz2iBFFM15Ajmo5HtbojSvw1SEua4bGJX7AgunBCa8yVrZPGN3A2XjtBX0DDKMLkB3Ag875TJfVXcY4klwj9h-RVf4SgL2BkOMM32IoaIfMQcuDp5_Gp1M9_DbJ_Eh62oY2bJdqR4q_hIa-BAsBi0BFRqFfWo34lq1Ea9ASqzaYCcBCB3ojJDy1kIlTYCF4A_LTjRdAbZNLgHUAxMBUDGKeI1NpaUZUwCPQmrXNU0wAFK99lKHbCHC4wiorpNJz41NjSFPSB6z5pzINHigCzzQDcjTLcsP60PYl7UklYrleBxLLpqaCARNiFA0MO0Uxqqgmzj4egOlYRQxgdbyBLCxhhQGhlrGmBdfhxDWfvSAokAGQgDtcaXUpqnortB3ojFWtIeFE3ijB1-pKU0lqpdukdIgkLmYtt-KWybU1IAhWJUixyLE-eBnBfwOD_igwg1wVw-3APNRklWJIErAZ2Adw2lPFq4f1vQGtwNQNWE7zoYEKMFZjEKrhBQZnGtUr6B2gCwl4B1eCg1s0a6_0LmIAU2UcCWhZGI-Y4GDreNZWn9HXVTqdYZ1yt0O1hSd4HCQsuY4ok3N7DYGsfg4hBd5bPhr-bD6SNsV_3HKs-lzS1oQVpCnN_QhyTMkJ7gJgJcFBPG9JZYAZqItKCpDZEr4mlbYBBjs0lflgYNJJA1yoq6OltyVPdOgKTS1v01ZTAsOlGgH6aNws4Chs8reuggqqD9OoXcljRoesi95QowvXHFinpgTnbQ2aA8EaNtCE3SSmYGRdjZfpGk9Abl3bdMk6r5b0ND6BfRhhwuRSvsoZvGd8LQ-GB83Uy3xgdcaAYzjKmKlUMaRdTZ5tntb03orY-40uWK7dhduaJMedfQSFLqXVSx_b7qaTddqUtWBdfGyjtbX00N4dIqh1oY1duwP8e0rIH40E8lDUj98lQMNlr_YEJAJ4u7Q0o4Up4JetB9aUWHc9S21uJiC36o1qMzZOzEWprhkhMVZMYzIVvOpyD5hbsC6fg1c0L9Y0bc2dmfROtlyM9K1NbUoJwFahYdmJ5BRAp3rZPZNLf-tGQUIgQDzpfsvU_rrc1QiZmRpSJ2VoY6Ax0fViba6SWL0RaRqTJm1XfMe9zCaDAAtIRlqeAPDzdX0RBgpfdmBg5s1-6Ccx9N9P0IntF2IHQYPjoPo_6Rvin2ISe3cftm6TycXp0V9iEd97eCi3WyQCa-hf3eT_k_jmOxdVrmuvvqyJezo9_7AUtWwU1olSvVri7POn8eT0-FWbtaNBXVEs594rVUvzeAI_8_l8wDIhBpQ0gwTwdaK5RLdkoNEJNTcmVqi7M6vWFyt6rrUMZqu9Rjnp3Nv_LC-olzcm_U218-NX1c6fvKqOg9AZuLHv-P6Wq-po11X1eTC5-PLx4-3x6fgpun06fmGTFzf7eBWKaz-9sRklt5P5h-Lm9ObX4EP4MgnPH67ot_C2-jpM2XH0-CP39RddY3akmsJUmnXLgzlk2pb7Zryl9jHKua5_gS81jWdcAmNrGuZtW7OSOvhf_78AsRuEAzsOYsfxttg23GVbent5e_bpt4X8PPnt1p2fHx-57Pbkw_jRYVGtPj2dDNPT8jRtXvz3fJycfEijDy-4_jYdLxb5LHXkVtu6_x-2df-kbcPQDga-7wWO5_7-n_8CJk4rFw:1ulD9d:UDC-38HcuWvrjJ7q4iQp8Vd-5tOT0XwHnCGQHeYpxgc", "expire_date": "2025-08-24T21:00:33.844Z"}}, {"model": "sessions.session", "pk": "gn2yocl7bakh3cgvyxewiefcz32kf753", "fields": {"session_data": ".eJxVj01PwkAURf_LLLqChpmhpSXpAgWCEqKRlRjTzMejHWxncGZKaYz_3Tay0N3LPSc3932hnDW-zBsHNlcSzRFGo78ZZ-ID9ADkienChMJobxUPByW8URfujITq7ub-KyiZK4daESeY0yiiknORSiIlSWJMeZqmcgY4JewYETzrLTplaZrQOOGCRUJOWERADKUOnFNG53A9K9uh-WSEWlZ4pqrx2cJFQTumaP6GhLPHWklZQcsseNOPyhandnEo3Hr_qTeifIim9bV72h7o2rJdhS-T1X236JZ1Y1_8njyDegS-TIgqY7favsrZIdBw9Vngla8g25gaAm5kNxam0T6bBJ4VLgtc1RRZOUAHJv91-5NZUeYSnLDq7PsH-qw0ba50XoNuXGY0GuFZNKWE4ASHhFKaxPT9-wdgEYwy:1uixL3:o-t-NLJwz5PnnIIrQc2Md2qPfDpdP6lISkRHFFoR3Cs", "expire_date": "2025-08-18T15:43:01.233Z"}}, {"model": "sessions.session", "pk": "y5m3bd5uikffo66hguwm0l9j6u6s36ow", "fields": {"session_data": ".eJxVj8lOwzAQQP_Fh5zaKLGzVsoFiUUFSoEWCghFXqaJQxqnttMFxL-TiB7gNpr39DTzhXLa2TLvDOhcCjRBPhr93THKP6AZgKhoUyiXq8ZqydxBcU_UuLdKQH12cv8FSmrKIcujxGckDIlgjKcCC4GTyCcsTVMRg59iug6xH_cWCWiaJiRKGKchFx4NMfAhasAYqZocDq3URzTxRmhPC0tlPW417CTsxwRN3hA3er2RQtSwpxqs6o_Kiu3MLB5XbLFdCq3qwpSLZHcXs4cnb7qcv54_i_a6Kurpve0quppdfO42BX6Z65uXKmLm0jgNHGzmWGlryK7UBhymxHHMVdfYzHMsLUzmmLorsnKABlT-6_Yj1bzMBRiuZWv7BzI08uMw8IMgwrGbRB4mJHz__gGr2YbP:1uiD9H:jdWRCHm_8LK7tQZq_5Km6hCHHowPzL3b29_I6gcn0uA", "expire_date": "2025-08-16T14:23:47.860Z"}}]